Stage,Round,Conf 1,Conf 2,Date,Team 1,FT,HT,Team 2,ET,P
Regular,?,West,West,(Wed) 16 Mar 2011 (W11),Seattle Sounders FC (1),0-1,?,LA Galaxy (1),,
Regular,?,West,East,(Sat) 19 Mar 2011 (W11),Vancouver Whitecaps FC (1),4-2,?,Toronto FC (1),,
Regular,?,East,East,(Sat) 19 Mar 2011 (W11),D.C. United (1),3-1,?,Columbus Crew SC (1),,
Regular,?,East,West,(Sat) 19 Mar 2011 (W11),New York Red Bulls (1),1-0,?,Seattle Sounders FC (2),,
Regular,?,West,East,(Sat) 19 Mar 2011 (W11),FC Dallas (1),1-1,?,Chicago Fire (1),,
Regular,?,East,East,(Sat) 19 Mar 2011 (W11),Houston Dynamo (1),0-1,?,Philadelphia Union (1),,
Regular,?,West,West,(Sat) 19 Mar 2011 (W11),Colorado Rapids (1),3-1,?,Portland Timbers (1),,
Regular,?,West,East,(Sun) 20 Mar 2011 (W11),CD Chivas USA (1),2-3,?,Sporting Kansas City (1),,
Regular,?,West,West,(Sun) 20 Mar 2011 (W11),San Jose Earthquakes (1),0-1,?,Real Salt Lake (1),,
Regular,?,West,East,(Sun) 20 Mar 2011 (W11),LA Galaxy (2),1-1,?,New England Revolution (1),,
Regular,?,West,East,(Sat) 26 Mar 2011 (W12),Seattle Sounders FC (3),1-1,?,Houston Dynamo (2),,
Regular,?,East,West,(Sat) 26 Mar 2011 (W12),Toronto FC (2),2-0,?,Portland Timbers (2),,
Regular,?,East,East,(Sat) 26 Mar 2011 (W12),Columbus Crew SC (2),0-0,?,New York Red Bulls (2),,
Regular,?,East,East,(Sat) 26 Mar 2011 (W12),Chicago Fire (2),3-2,?,Sporting Kansas City (2),,
Regular,?,East,West,(Sat) 26 Mar 2011 (W12),Philadelphia Union (2),1-0,?,Vancouver Whitecaps FC (2),,
Regular,?,East,East,(Sat) 26 Mar 2011 (W12),New England Revolution (2),2-1,?,D.C. United (2),,
Regular,?,West,West,(Sat) 26 Mar 2011 (W12),Real Salt Lake (2),4-1,?,LA Galaxy (3),,
Regular,?,West,West,(Sat) 26 Mar 2011 (W12),FC Dallas (2),0-2,?,San Jose Earthquakes (2),,
Regular,?,West,West,(Sun) 27 Mar 2011 (W12),CD Chivas USA (2),0-1,?,Colorado Rapids (2),,
Regular,?,East,West,(Fri) 1 Apr 2011 (W13),Columbus Crew SC (3),2-0,?,FC Dallas (3),,
Regular,?,East,West,(Sat) 2 Apr 2011 (W13),Toronto FC (3),1-1,?,CD Chivas USA (3),,
Regular,?,West,East,(Sat) 2 Apr 2011 (W13),Vancouver Whitecaps FC (3),3-3,?,Sporting Kansas City (3),,
Regular,?,East,West,(Sat) 2 Apr 2011 (W13),New England Revolution (3),1-1,?,Portland Timbers (3),,
Regular,?,East,East,(Sat) 2 Apr 2011 (W13),New York Red Bulls (3),1-1,?,Houston Dynamo (3),,
Regular,?,West,East,(Sun) 3 Apr 2011 (W13),LA Galaxy (4),1-0,?,Philadelphia Union (3),,
Regular,?,West,West,(Sun) 3 Apr 2011 (W13),San Jose Earthquakes (3),2-2,?,Seattle Sounders FC (4),,
Regular,?,West,East,(Sun) 3 Apr 2011 (W13),Colorado Rapids (3),4-1,?,D.C. United (3),,
Regular,?,West,East,(Thu) 7 Apr 2011 (W14),Vancouver Whitecaps FC (4),1-1,?,New England Revolution (4),,
Regular,?,West,West,(Fri) 8 Apr 2011 (W14),FC Dallas (4),3-0,?,Colorado Rapids (4),,
Regular,?,West,East,(Sat) 9 Apr 2011 (W14),Seattle Sounders FC (5),2-1,?,Chicago Fire (3),,
Regular,?,East,East,(Sat) 9 Apr 2011 (W14),Philadelphia Union (4),1-0,?,New York Red Bulls (4),,
Regular,?,East,West,(Sat) 9 Apr 2011 (W14),New England Revolution (5),0-2,?,Real Salt Lake (3),,
Regular,?,East,West,(Sat) 9 Apr 2011 (W14),D.C. United (4),1-1,?,LA Galaxy (5),,
Regular,?,West,East,(Sun) 10 Apr 2011 (W14),CD Chivas USA (4),0-0,?,Columbus Crew SC (4),,
Regular,?,West,East,(Sun) 10 Apr 2011 (W14),San Jose Earthquakes (4),1-1,?,Toronto FC (4),,
Regular,?,East,West,(Sun) 10 Apr 2011 (W14),Houston Dynamo (4),3-1,?,Vancouver Whitecaps FC (5),,
Regular,?,East,West,(Wed) 13 Apr 2011 (W15),Toronto FC (5),0-0,?,LA Galaxy (6),,
Regular,?,West,West,(Wed) 13 Apr 2011 (W15),Real Salt Lake (4),1-0,?,Colorado Rapids (5),,
Regular,?,West,East,(Fri) 15 Apr 2011 (W15),Portland Timbers (4),4-2,?,Chicago Fire (4),,
Regular,?,East,West,(Sat) 16 Apr 2011 (W15),Philadelphia Union (5),1-1,?,Seattle Sounders FC (6),,
Regular,?,West,West,(Sat) 16 Apr 2011 (W15),Vancouver Whitecaps FC (6),0-0,?,CD Chivas USA (5),,
Regular,?,East,East,(Sat) 16 Apr 2011 (W15),Toronto FC (6),0-3,?,D.C. United (5),,
Regular,?,East,East,(Sat) 16 Apr 2011 (W15),Columbus Crew SC (5),1-0,?,Sporting Kansas City (4),,
Regular,?,East,West,(Sat) 16 Apr 2011 (W15),New York Red Bulls (5),3-0,?,San Jose Earthquakes (5),,
Regular,?,East,West,(Sun) 17 Apr 2011 (W15),Chicago Fire (5),1-2,?,LA Galaxy (7),,
Regular,?,West,West,(Sun) 17 Apr 2011 (W15),Portland Timbers (5),3-2,?,FC Dallas (5),,
Regular,?,East,East,(Sun) 17 Apr 2011 (W15),Houston Dynamo (5),1-0,?,New England Revolution (6),,
Regular,?,East,East,(Thu) 21 Apr 2011 (W16),D.C. United (6),0-4,?,New York Red Bulls (6),,
Regular,?,West,West,(Fri) 22 Apr 2011 (W16),Colorado Rapids (6),0-1,?,Seattle Sounders FC (7),,
Regular,?,West,West,(Sat) 23 Apr 2011 (W16),San Jose Earthquakes (6),1-2,?,CD Chivas USA (6),,
Regular,?,East,East,(Sat) 23 Apr 2011 (W16),Toronto FC (7),1-1,?,Columbus Crew SC (6),,
Regular,?,West,West,(Sat) 23 Apr 2011 (W16),Vancouver Whitecaps FC (7),1-2,?,FC Dallas (6),,
Regular,?,East,East,(Sat) 23 Apr 2011 (W16),New England Revolution (7),3-2,?,Sporting Kansas City (5),,
Regular,?,East,East,(Sat) 23 Apr 2011 (W16),Chicago Fire (6),1-1,?,Houston Dynamo (6),,
Regular,?,West,West,(Sun) 24 Apr 2011 (W16),LA Galaxy (8),3-0,?,Portland Timbers (6),,
Regular,?,East,East,(Fri) 29 Apr 2011 (W17),Houston Dynamo (7),4-1,?,D.C. United (7),,
Regular,?,East,West,(Sat) 30 Apr 2011 (W17),Philadelphia Union (6),1-0,?,San Jose Earthquakes (7),,
Regular,?,East,East,(Sat) 30 Apr 2011 (W17),New York Red Bulls (7),1-0,?,Sporting Kansas City (6),,
Regular,?,East,West,(Sat) 30 Apr 2011 (W17),Columbus Crew SC (7),2-1,?,Vancouver Whitecaps FC (8),,
Regular,?,West,East,(Sat) 30 Apr 2011 (W17),Colorado Rapids (7),1-1,?,Chicago Fire (7),,
Regular,?,West,East,(Sun) 1 May 2011 (W17),Seattle Sounders FC (8),3-0,?,Toronto FC (8),,
Regular,?,West,West,(Sun) 1 May 2011 (W17),Portland Timbers (7),1-0,?,Real Salt Lake (5),,
Regular,?,West,East,(Sun) 1 May 2011 (W17),CD Chivas USA (7),3-0,?,New England Revolution (8),,
Regular,?,West,West,(Sun) 1 May 2011 (W17),FC Dallas (7),2-1,?,LA Galaxy (9),,
Regular,?,East,West,(Wed) 4 May 2011 (W18),D.C. United (8),2-1,?,Seattle Sounders FC (9),,
Regular,?,East,West,(Wed) 4 May 2011 (W18),Houston Dynamo (8),1-2,?,Colorado Rapids (8),,
Regular,?,West,East,(Sat) 7 May 2011 (W18),Portland Timbers (8),1-0,?,Philadelphia Union (7),,
Regular,?,West,West,(Sat) 7 May 2011 (W18),Real Salt Lake (6),1-0,?,CD Chivas USA (8),,
Regular,?,East,East,(Sat) 7 May 2011 (W18),Toronto FC (9),2-1,?,Houston Dynamo (9),,
Regular,?,East,West,(Sat) 7 May 2011 (W18),D.C. United (9),0-0,?,FC Dallas (8),,
Regular,?,East,West,(Sat) 7 May 2011 (W18),Columbus Crew SC (8),1-1,?,Seattle Sounders FC (10),,
Regular,?,East,West,(Sat) 7 May 2011 (W18),New England Revolution (9),0-0,?,Colorado Rapids (9),,
Regular,?,East,West,(Sat) 7 May 2011 (W18),Chicago Fire (8),0-0,?,Vancouver Whitecaps FC (9),,
Regular,?,West,East,(Sun) 8 May 2011 (W18),LA Galaxy (10),1-1,?,New York Red Bulls (8),,
Regular,?,East,West,(Wed) 11 May 2011 (W19),Philadelphia Union (8),1-1,?,LA Galaxy (11),,
Regular,?,West,East,(Wed) 11 May 2011 (W19),FC Dallas (9),1-0,?,Toronto FC (10),,
Regular,?,West,West,(Thu) 12 May 2011 (W19),Vancouver Whitecaps FC (10),1-1,?,San Jose Earthquakes (8),,
Regular,?,East,East,(Sat) 14 May 2011 (W19),Toronto FC (11),2-2,?,Chicago Fire (9),,
Regular,?,East,West,(Sat) 14 May 2011 (W19),New England Revolution (10),1-0,?,Vancouver Whitecaps FC (11),,
Regular,?,East,West,(Sat) 14 May 2011 (W19),D.C. United (10),1-1,?,Colorado Rapids (10),,
Regular,?,West,East,(Sat) 14 May 2011 (W19),FC Dallas (10),2-0,?,Philadelphia Union (9),,
Regular,?,West,East,(Sat) 14 May 2011 (W19),Real Salt Lake (7),0-0,?,Houston Dynamo (10),,
Regular,?,West,East,(Sun) 15 May 2011 (W19),San Jose Earthquakes (9),3-0,?,Columbus Crew SC (9),,
Regular,?,West,East,(Sun) 15 May 2011 (W19),LA Galaxy (12),4-1,?,Sporting Kansas City (7),,
Regular,?,West,West,(Sun) 15 May 2011 (W19),Seattle Sounders FC (11),1-1,?,Portland Timbers (9),,
Regular,?,East,West,(Sun) 15 May 2011 (W19),New York Red Bulls (9),2-3,?,CD Chivas USA (9),,
Regular,?,East,East,(Sat) 21 May 2011 (W20),Philadelphia Union (10),2-1,?,Chicago Fire (10),,
Regular,?,East,East,(Sat) 21 May 2011 (W20),Houston Dynamo (11),2-2,?,New York Red Bulls (10),,
Regular,?,West,West,(Sun) 22 May 2011 (W20),CD Chivas USA (10),0-1,?,LA Galaxy (13),,
Regular,?,West,East,(Sun) 22 May 2011 (W20),Seattle Sounders FC (12),1-0,?,Sporting Kansas City (8),,
Regular,?,West,East,(Sun) 22 May 2011 (W20),San Jose Earthquakes (10),2-1,?,New England Revolution (11),,
Regular,?,West,East,(Sun) 22 May 2011 (W20),Portland Timbers (10),1-0,?,Columbus Crew SC (10),,
Regular,?,West,East,(Sun) 22 May 2011 (W20),Colorado Rapids (11),0-0,?,Toronto FC (12),,
Regular,?,West,West,(Sun) 22 May 2011 (W20),FC Dallas (11),0-0,?,Real Salt Lake (8),,
Regular,?,East,West,(Wed) 25 May 2011 (W21),New York Red Bulls (11),2-2,?,Colorado Rapids (12),,
Regular,?,West,West,(Thu) 26 May 2011 (W21),Seattle Sounders FC (13),0-1,?,FC Dallas (12),,
Regular,?,West,East,(Thu) 26 May 2011 (W21),LA Galaxy (14),1-0,?,Houston Dynamo (12),,
Regular,?,East,East,(Sat) 28 May 2011 (W21),Toronto FC (13),2-6,?,Philadelphia Union (11),,
Regular,?,West,East,(Sat) 28 May 2011 (W21),Vancouver Whitecaps FC (12),1-1,?,New York Red Bulls (12),,
Regular,?,East,West,(Sat) 28 May 2011 (W21),Columbus Crew SC (11),3-3,?,CD Chivas USA (11),,
Regular,?,East,West,(Sat) 28 May 2011 (W21),New England Revolution (12),0-1,?,LA Galaxy (15),,
Regular,?,East,West,(Sat) 28 May 2011 (W21),Houston Dynamo (13),2-2,?,FC Dallas (13),,
Regular,?,East,West,(Sat) 28 May 2011 (W21),Chicago Fire (11),2-2,?,San Jose Earthquakes (11),,
Regular,?,West,East,(Sat) 28 May 2011 (W21),Colorado Rapids (13),1-1,?,Sporting Kansas City (9),,
Regular,?,West,West,(Sat) 28 May 2011 (W21),Real Salt Lake (9),1-2,?,Seattle Sounders FC (14),,
Regular,?,West,East,(Sun) 29 May 2011 (W21),Portland Timbers (11),2-3,?,D.C. United (11),,
Regular,?,West,West,(Thu) 2 Jun 2011 (W22),CD Chivas USA (12),1-1,?,Vancouver Whitecaps FC (13),,
Regular,?,West,East,(Sat) 4 Jun 2011 (W22),LA Galaxy (16),0-0,?,D.C. United (12),,
Regular,?,East,East,(Sat) 4 Jun 2011 (W22),Toronto FC (14),0-0,?,Sporting Kansas City (10),,
Regular,?,East,East,(Sat) 4 Jun 2011 (W22),New York Red Bulls (13),1-1,?,Columbus Crew SC (12),,
Regular,?,West,East,(Sat) 4 Jun 2011 (W22),FC Dallas (14),1-0,?,New England Revolution (13),,
Regular,?,East,West,(Sat) 4 Jun 2011 (W22),Chicago Fire (12),0-0,?,Seattle Sounders FC (15),,
Regular,?,West,East,(Sat) 4 Jun 2011 (W22),Colorado Rapids (14),1-1,?,Philadelphia Union (12),,
Regular,?,West,West,(Sat) 4 Jun 2011 (W22),Real Salt Lake (10),2-0,?,Vancouver Whitecaps FC (14),,
Regular,?,West,West,(Sun) 5 Jun 2011 (W22),CD Chivas USA (13),1-0,?,Portland Timbers (12),,
Regular,?,West,East,(Sun) 5 Jun 2011 (W22),San Jose Earthquakes (12),2-0,?,Houston Dynamo (14),,
Regular,?,East,West,(Wed) 8 Jun 2011 (W23),Columbus Crew SC (13),2-1,?,Real Salt Lake (11),,
Regular,?,East,East,(Fri) 10 Jun 2011 (W23),Sporting Kansas City (11),0-0,?,Chicago Fire (13),,
Regular,?,East,East,(Fri) 10 Jun 2011 (W23),New York Red Bulls (14),2-1,?,New England Revolution (14),,
Regular,?,East,West,(Sat) 11 Jun 2011 (W23),Philadelphia Union (13),1-1,?,Real Salt Lake (12),,
Regular,?,East,West,(Sat) 11 Jun 2011 (W23),D.C. United (13),2-4,?,San Jose Earthquakes (13),,
Regular,?,East,West,(Sat) 11 Jun 2011 (W23),Houston Dynamo (15),2-1,?,CD Chivas USA (14),,
Regular,?,West,West,(Sun) 12 Jun 2011 (W23),Seattle Sounders FC (16),2-2,?,Vancouver Whitecaps FC (15),,
Regular,?,West,West,(Sun) 12 Jun 2011 (W23),Portland Timbers (13),0-1,?,Colorado Rapids (15),,
Regular,?,West,East,(Sun) 12 Jun 2011 (W23),LA Galaxy (17),2-2,?,Toronto FC (15),,
Regular,?,East,East,(Sun) 12 Jun 2011 (W23),Columbus Crew SC (14),0-1,?,Chicago Fire (14),,
Regular,?,West,East,(Sun) 12 Jun 2011 (W23),FC Dallas (15),1-4,?,Sporting Kansas City (12),,
Regular,?,East,East,(Wed) 15 Jun 2011 (W24),New England Revolution (15),0-0,?,Toronto FC (16),,
Regular,?,East,West,(Fri) 17 Jun 2011 (W24),Sporting Kansas City (13),1-0,?,San Jose Earthquakes (14),,
Regular,?,East,West,(Sat) 18 Jun 2011 (W24),Toronto FC (17),0-1,?,Seattle Sounders FC (17),,
Regular,?,East,East,(Sat) 18 Jun 2011 (W24),New England Revolution (16),1-1,?,Chicago Fire (15),,
Regular,?,East,East,(Sat) 18 Jun 2011 (W24),Houston Dynamo (16),0-2,?,Columbus Crew SC (15),,
Regular,?,West,East,(Sat) 18 Jun 2011 (W24),Real Salt Lake (13),1-1,?,D.C. United (14),,
Regular,?,West,West,(Sat) 18 Jun 2011 (W24),Colorado Rapids (16),1-3,?,LA Galaxy (18),,
Regular,?,West,East,(Sun) 19 Jun 2011 (W24),Vancouver Whitecaps FC (16),1-0,?,Philadelphia Union (14),,
Regular,?,West,West,(Sun) 19 Jun 2011 (W24),CD Chivas USA (15),1-2,?,FC Dallas (16),,
Regular,?,West,East,(Mon) 20 Jun 2011 (W25),Portland Timbers (14),3-3,?,New York Red Bulls (15),,
Regular,?,East,East,(Wed) 22 Jun 2011 (W25),Philadelphia Union (15),0-0,?,Sporting Kansas City (14),,
Regular,?,East,West,(Wed) 22 Jun 2011 (W25),Chicago Fire (16),0-0,?,Real Salt Lake (14),,
Regular,?,West,East,(Fri) 24 Jun 2011 (W25),Seattle Sounders FC (18),4-2,?,New York Red Bulls (16),,
Regular,?,East,East,(Sat) 25 Jun 2011 (W25),D.C. United (15),2-2,?,Houston Dynamo (17),,
Regular,?,West,West,(Sat) 25 Jun 2011 (W25),San Jose Earthquakes (15),0-0,?,LA Galaxy (19),,
Regular,?,East,West,(Sat) 25 Jun 2011 (W25),Philadelphia Union (16),3-2,?,CD Chivas USA (16),,
Regular,?,East,West,(Sat) 25 Jun 2011 (W25),Sporting Kansas City (15),2-1,?,Vancouver Whitecaps FC (17),,
Regular,?,West,West,(Sat) 25 Jun 2011 (W25),FC Dallas (17),4-0,?,Portland Timbers (15),,
Regular,?,West,East,(Sat) 25 Jun 2011 (W25),Real Salt Lake (15),3-1,?,Toronto FC (18),,
Regular,?,East,East,(Sun) 26 Jun 2011 (W25),Chicago Fire (17),1-1,?,New York Red Bulls (17),,
Regular,?,West,East,(Sun) 26 Jun 2011 (W25),Seattle Sounders FC (19),2-1,?,New England Revolution (17),,
Regular,?,East,West,(Sun) 26 Jun 2011 (W25),Columbus Crew SC (16),4-1,?,Colorado Rapids (17),,
Regular,?,East,West,(Wed) 29 Jun 2011 (W26),Toronto FC (19),1-0,?,Vancouver Whitecaps FC (18),,
Regular,?,East,East,(Sat) 2 Jul 2011 (W26),D.C. United (16),2-2,?,Philadelphia Union (17),,
Regular,?,West,East,(Sat) 2 Jul 2011 (W26),FC Dallas (18),2-0,?,Columbus Crew SC (17),,
Regular,?,West,East,(Sun) 3 Jul 2011 (W26),CD Chivas USA (17),1-1,?,Chicago Fire (18),,
Regular,?,West,East,(Sun) 3 Jul 2011 (W26),San Jose Earthquakes (16),2-2,?,New York Red Bulls (18),,
Regular,?,West,East,(Sun) 3 Jul 2011 (W26),Portland Timbers (16),1-2,?,Sporting Kansas City (16),,
Regular,?,West,East,(Sun) 3 Jul 2011 (W26),Colorado Rapids (18),0-0,?,Houston Dynamo (18),,
Regular,?,West,East,(Mon) 4 Jul 2011 (W27),Real Salt Lake (16),3-3,?,New England Revolution (18),,
Regular,?,West,West,(Tue) 5 Jul 2011 (W27),LA Galaxy (20),0-0,?,Seattle Sounders FC (20),,
Regular,?,East,East,(Wed) 6 Jul 2011 (W27),New York Red Bulls (19),5-0,?,Toronto FC (20),,
Regular,?,East,West,(Wed) 6 Jul 2011 (W27),Sporting Kansas City (17),1-1,?,Colorado Rapids (19),,
Regular,?,West,East,(Thu) 7 Jul 2011 (W27),Vancouver Whitecaps FC (19),0-1,?,Columbus Crew SC (18),,
Regular,?,West,West,(Thu) 7 Jul 2011 (W27),CD Chivas USA (18),2-0,?,San Jose Earthquakes (17),,
Regular,?,East,West,(Sat) 9 Jul 2011 (W27),Sporting Kansas City (18),1-1,?,CD Chivas USA (19),,
Regular,?,East,East,(Sat) 9 Jul 2011 (W27),New York Red Bulls (20),0-1,?,D.C. United (17),,
Regular,?,East,East,(Sat) 9 Jul 2011 (W27),Houston Dynamo (19),2-0,?,Toronto FC (21),,
Regular,?,West,West,(Sat) 9 Jul 2011 (W27),Real Salt Lake (17),2-0,?,FC Dallas (19),,
Regular,?,West,West,(Sat) 9 Jul 2011 (W27),Colorado Rapids (20),2-1,?,Vancouver Whitecaps FC (20),,
Regular,?,West,East,(Sun) 10 Jul 2011 (W27),LA Galaxy (21),2-1,?,Chicago Fire (19),,
Regular,?,West,East,(Sun) 10 Jul 2011 (W27),San Jose Earthquakes (18),0-0,?,Philadelphia Union (18),,
Regular,?,West,West,(Sun) 10 Jul 2011 (W27),Portland Timbers (17),2-3,?,Seattle Sounders FC (21),,
Regular,?,West,West,(Sat) 16 Jul 2011 (W28),Seattle Sounders FC (22),4-3,?,Colorado Rapids (21),,
Regular,?,East,West,(Sat) 16 Jul 2011 (W28),Columbus Crew SC (19),0-0,?,San Jose Earthquakes (19),,
Regular,?,East,West,(Sat) 16 Jul 2011 (W28),Chicago Fire (20),0-1,?,Portland Timbers (18),,
Regular,?,East,East,(Sat) 16 Jul 2011 (W28),Houston Dynamo (20),1-1,?,Sporting Kansas City (19),,
Regular,?,West,East,(Sat) 16 Jul 2011 (W28),FC Dallas (20),0-0,?,D.C. United (18),,
Regular,?,West,East,(Sun) 17 Jul 2011 (W28),CD Chivas USA (20),0-0,?,New York Red Bulls (21),,
Regular,?,East,East,(Sun) 17 Jul 2011 (W28),New England Revolution (19),0-3,?,Philadelphia Union (19),,
Regular,?,East,East,(Wed) 20 Jul 2011 (W29),D.C. United (19),0-1,?,New England Revolution (20),,
Regular,?,East,West,(Wed) 20 Jul 2011 (W29),Toronto FC (22),0-1,?,FC Dallas (21),,
Regular,?,West,East,(Wed) 20 Jul 2011 (W29),Colorado Rapids (22),4-1,?,New York Red Bulls (22),,
Regular,?,West,West,(Thu) 21 Jul 2011 (W29),San Jose Earthquakes (20),2-2,?,Vancouver Whitecaps FC (21),,
Regular,?,West,East,(Thu) 21 Jul 2011 (W29),LA Galaxy (22),1-0,?,Columbus Crew SC (20),,
Regular,?,East,West,(Sat) 23 Jul 2011 (W29),New York Red Bulls (23),2-2,?,FC Dallas (22),,
Regular,?,East,West,(Sat) 23 Jul 2011 (W29),Columbus Crew SC (21),1-0,?,Portland Timbers (19),,
Regular,?,East,East,(Sat) 23 Jul 2011 (W29),Sporting Kansas City (20),4-2,?,Toronto FC (23),,
Regular,?,West,East,(Sat) 23 Jul 2011 (W29),Colorado Rapids (23),2-2,?,New England Revolution (21),,
Regular,?,West,West,(Sun) 24 Jul 2011 (W29),Real Salt Lake (18),4-0,?,San Jose Earthquakes (21),,
Regular,?,West,East,(Sun) 24 Jul 2011 (W29),CD Chivas USA (21),3-0,?,Houston Dynamo (21),,
Regular,?,East,West,(Fri) 29 Jul 2011 (W30),Philadelphia Union (20),1-2,?,Colorado Rapids (24),,
Regular,?,West,West,(Sat) 30 Jul 2011 (W30),Vancouver Whitecaps FC (22),0-4,?,LA Galaxy (23),,
Regular,?,East,East,(Sat) 30 Jul 2011 (W30),Sporting Kansas City (21),1-1,?,New England Revolution (22),,
Regular,?,East,West,(Sat) 30 Jul 2011 (W30),Houston Dynamo (22),3-1,?,Seattle Sounders FC (23),,
Regular,?,West,East,(Sat) 30 Jul 2011 (W30),Real Salt Lake (19),0-2,?,Columbus Crew SC (22),,
Regular,?,West,East,(Sun) 31 Jul 2011 (W30),San Jose Earthquakes (22),0-2,?,D.C. United (20),,
Regular,?,West,East,(Sun) 31 Jul 2011 (W30),Portland Timbers (20),2-2,?,Toronto FC (24),,
Regular,?,West,West,(Sun) 31 Jul 2011 (W30),FC Dallas (23),1-0,?,CD Chivas USA (22),,
Regular,?,East,West,(Wed) 3 Aug 2011 (W31),Sporting Kansas City (22),2-0,?,Real Salt Lake (20),,
Regular,?,East,East,(Wed) 3 Aug 2011 (W31),Chicago Fire (21),1-1,?,Philadelphia Union (21),,
Regular,?,West,West,(Thu) 4 Aug 2011 (W31),Portland Timbers (21),3-0,?,LA Galaxy (24),,
Regular,?,West,East,(Fri) 5 Aug 2011 (W31),Colorado Rapids (25),2-0,?,Columbus Crew SC (23),,
Regular,?,East,East,(Sat) 6 Aug 2011 (W31),D.C. United (21),3-3,?,Toronto FC (25),,
Regular,?,East,West,(Sat) 6 Aug 2011 (W31),New England Revolution (23),2-3,?,CD Chivas USA (23),,
Regular,?,East,East,(Sat) 6 Aug 2011 (W31),Philadelphia Union (22),1-1,?,Houston Dynamo (23),,
Regular,?,East,West,(Sat) 6 Aug 2011 (W31),Sporting Kansas City (23),1-2,?,Seattle Sounders FC (24),,
Regular,?,West,East,(Sat) 6 Aug 2011 (W31),Real Salt Lake (21),3-0,?,New York Red Bulls (24),,
Regular,?,West,West,(Sun) 7 Aug 2011 (W31),LA Galaxy (25),3-1,?,FC Dallas (24),,
Regular,?,West,West,(Sun) 7 Aug 2011 (W31),San Jose Earthquakes (23),1-1,?,Portland Timbers (22),,
Regular,?,West,East,(Sun) 7 Aug 2011 (W31),Vancouver Whitecaps FC (23),4-2,?,Chicago Fire (22),,
Regular,?,West,West,(Sat) 13 Aug 2011 (W32),Seattle Sounders FC (25),0-0,?,CD Chivas USA (24),,
Regular,?,East,West,(Sat) 13 Aug 2011 (W32),Toronto FC (26),1-0,?,Real Salt Lake (22),,
Regular,?,East,East,(Sat) 13 Aug 2011 (W32),Columbus Crew SC (24),3-1,?,New England Revolution (24),,
Regular,?,East,East,(Sat) 13 Aug 2011 (W32),New York Red Bulls (25),2-2,?,Chicago Fire (23),,
Regular,?,East,West,(Sat) 13 Aug 2011 (W32),D.C. United (22),4-0,?,Vancouver Whitecaps FC (24),,
Regular,?,East,West,(Sat) 13 Aug 2011 (W32),Philadelphia Union (23),2-2,?,FC Dallas (25),,
Regular,?,West,West,(Sun) 14 Aug 2011 (W32),San Jose Earthquakes (24),1-2,?,Colorado Rapids (26),,
Regular,?,East,West,(Sun) 14 Aug 2011 (W32),Houston Dynamo (24),2-1,?,Portland Timbers (23),,
Regular,?,East,East,(Wed) 17 Aug 2011 (W33),New England Revolution (25),1-1,?,Houston Dynamo (25),,
Regular,?,East,West,(Wed) 17 Aug 2011 (W33),Sporting Kansas City (24),3-1,?,Portland Timbers (24),,
Regular,?,East,East,(Thu) 18 Aug 2011 (W33),Chicago Fire (24),1-1,?,D.C. United (23),,
Regular,?,East,East,(Sat) 20 Aug 2011 (W33),New England Revolution (26),2-2,?,New York Red Bulls (26),,
Regular,?,East,East,(Sat) 20 Aug 2011 (W33),Columbus Crew SC (25),2-1,?,Philadelphia Union (24),,
Regular,?,East,West,(Sat) 20 Aug 2011 (W33),Houston Dynamo (26),3-2,?,Real Salt Lake (23),,
Regular,?,West,West,(Sat) 20 Aug 2011 (W33),Colorado Rapids (27),2-2,?,CD Chivas USA (25),,
Regular,?,West,West,(Sat) 20 Aug 2011 (W33),FC Dallas (26),0-1,?,Seattle Sounders FC (26),,
Regular,?,West,West,(Sun) 21 Aug 2011 (W33),Portland Timbers (25),2-1,?,Vancouver Whitecaps FC (25),,
Regular,?,West,West,(Sun) 21 Aug 2011 (W33),LA Galaxy (26),2-0,?,San Jose Earthquakes (25),,
Regular,?,East,East,(Sun) 21 Aug 2011 (W33),Chicago Fire (25),2-0,?,Toronto FC (27),,
Regular,?,East,East,(Sun) 21 Aug 2011 (W33),Sporting Kansas City (25),1-0,?,D.C. United (24),,
Regular,?,West,West,(Thu) 25 Aug 2011 (W34),Portland Timbers (26),1-0,?,CD Chivas USA (26),,
Regular,?,West,East,(Sat) 27 Aug 2011 (W34),Seattle Sounders FC (27),6-2,?,Columbus Crew SC (26),,
Regular,?,West,East,(Sat) 27 Aug 2011 (W34),Vancouver Whitecaps FC (26),1-0,?,Houston Dynamo (27),,
Regular,?,East,West,(Sat) 27 Aug 2011 (W34),Toronto FC (28),1-1,?,San Jose Earthquakes (26),,
Regular,?,East,West,(Sat) 27 Aug 2011 (W34),Chicago Fire (26),2-0,?,Colorado Rapids (28),,
Regular,?,East,West,(Sat) 27 Aug 2011 (W34),Sporting Kansas City (26),2-3,?,FC Dallas (27),,
Regular,?,West,West,(Sun) 28 Aug 2011 (W34),CD Chivas USA (27),0-1,?,Real Salt Lake (24),,
Regular,?,West,East,(Sat) 3 Sep 2011 (W35),Real Salt Lake (25),2-1,?,Philadelphia Union (25),,
Regular,?,East,West,(Mon) 5 Sep 2011 (W36),Sporting Kansas City (27),2-2,?,LA Galaxy (27),,
Regular,?,East,East,(Wed) 7 Sep 2011 (W36),Philadelphia Union (26),4-4,?,New England Revolution (27),,
Regular,?,West,West,(Sat) 10 Sep 2011 (W36),LA Galaxy (28),1-0,?,Colorado Rapids (29),,
Regular,?,East,East,(Sat) 10 Sep 2011 (W36),Sporting Kansas City (28),3-0,?,Houston Dynamo (28),,
Regular,?,West,West,(Sat) 10 Sep 2011 (W36),Seattle Sounders FC (28),1-2,?,Real Salt Lake (26),,
Regular,?,East,West,(Sat) 10 Sep 2011 (W36),New York Red Bulls (27),1-1,?,Vancouver Whitecaps FC (27),,
Regular,?,East,West,(Sat) 10 Sep 2011 (W36),New England Revolution (28),2-0,?,FC Dallas (28),,
Regular,?,East,West,(Sat) 10 Sep 2011 (W36),Philadelphia Union (27),0-0,?,Portland Timbers (27),,
Regular,?,East,East,(Sat) 10 Sep 2011 (W36),Columbus Crew SC (27),2-4,?,Toronto FC (29),,
Regular,?,West,East,(Sun) 11 Sep 2011 (W36),CD Chivas USA (28),0-3,?,D.C. United (25),,
Regular,?,West,East,(Sun) 11 Sep 2011 (W36),San Jose Earthquakes (27),2-0,?,Chicago Fire (27),,
Regular,?,East,East,(Wed) 14 Sep 2011 (W37),Columbus Crew SC (28),2-2,?,Houston Dynamo (29),,
Regular,?,West,East,(Sat) 17 Sep 2011 (W37),Portland Timbers (28),3-0,?,New England Revolution (29),,
Regular,?,East,West,(Sat) 17 Sep 2011 (W37),Toronto FC (30),2-1,?,Colorado Rapids (30),,
Regular,?,East,West,(Sat) 17 Sep 2011 (W37),Chicago Fire (28),3-2,?,CD Chivas USA (29),,
Regular,?,East,East,(Sat) 17 Sep 2011 (W37),Philadelphia Union (28),1-0,?,Columbus Crew SC (29),,
Regular,?,West,East,(Sat) 17 Sep 2011 (W37),FC Dallas (29),0-1,?,New York Red Bulls (28),,
Regular,?,East,West,(Sat) 17 Sep 2011 (W37),Houston Dynamo (30),2-1,?,San Jose Earthquakes (28),,
Regular,?,West,East,(Sat) 17 Sep 2011 (W37),Real Salt Lake (27),1-0,?,Sporting Kansas City (29),,
Regular,?,West,East,(Sat) 17 Sep 2011 (W37),Seattle Sounders FC (29),3-0,?,D.C. United (26),,
Regular,?,West,West,(Sun) 18 Sep 2011 (W37),LA Galaxy (29),3-0,?,Vancouver Whitecaps FC (28),,
Regular,?,East,West,(Wed) 21 Sep 2011 (W38),D.C. United (27),2-2,?,CD Chivas USA (30),,
Regular,?,East,West,(Wed) 21 Sep 2011 (W38),New York Red Bulls (29),1-3,?,Real Salt Lake (28),,
Regular,?,West,West,(Thu) 22 Sep 2011 (W38),Portland Timbers (29),1-1,?,San Jose Earthquakes (29),,
Regular,?,East,East,(Fri) 23 Sep 2011 (W38),Sporting Kansas City (30),1-1,?,Philadelphia Union (29),,
Regular,?,West,East,(Sat) 24 Sep 2011 (W38),FC Dallas (30),0-1,?,Houston Dynamo (31),,
Regular,?,East,West,(Sat) 24 Sep 2011 (W38),New York Red Bulls (30),2-0,?,Portland Timbers (30),,
Regular,?,East,West,(Sat) 24 Sep 2011 (W38),Columbus Crew SC (30),0-1,?,LA Galaxy (30),,
Regular,?,East,West,(Sat) 24 Sep 2011 (W38),D.C. United (28),4-1,?,Real Salt Lake (29),,
Regular,?,West,West,(Sat) 24 Sep 2011 (W38),Colorado Rapids (31),1-1,?,San Jose Earthquakes (30),,
Regular,?,West,East,(Sun) 25 Sep 2011 (W38),CD Chivas USA (31),3-0,?,Toronto FC (31),,
Regular,?,West,West,(Sun) 25 Sep 2011 (W38),Vancouver Whitecaps FC (29),1-3,?,Seattle Sounders FC (30),,
Regular,?,East,East,(Sun) 25 Sep 2011 (W38),Chicago Fire (29),3-2,?,New England Revolution (30),,
Regular,?,East,East,(Wed) 28 Sep 2011 (W39),Sporting Kansas City (31),2-1,?,Columbus Crew SC (31),,
Regular,?,West,East,(Wed) 28 Sep 2011 (W39),Real Salt Lake (30),0-3,?,Chicago Fire (30),,
Regular,?,East,East,(Thu) 29 Sep 2011 (W39),Philadelphia Union (30),3-2,?,D.C. United (29),,
Regular,?,East,East,(Sat) 1 Oct 2011 (W39),Houston Dynamo (32),1-1,?,Chicago Fire (31),,
Regular,?,East,West,(Sat) 1 Oct 2011 (W39),New England Revolution (31),1-2,?,Seattle Sounders FC (31),,
Regular,?,East,East,(Sat) 1 Oct 2011 (W39),Toronto FC (32),1-1,?,New York Red Bulls (31),,
Regular,?,West,West,(Sat) 1 Oct 2011 (W39),Colorado Rapids (32),1-0,?,FC Dallas (31),,
Regular,?,West,East,(Sun) 2 Oct 2011 (W39),San Jose Earthquakes (31),1-1,?,Sporting Kansas City (32),,
Regular,?,West,West,(Sun) 2 Oct 2011 (W39),LA Galaxy (31),2-1,?,Real Salt Lake (31),,
Regular,?,East,East,(Sun) 2 Oct 2011 (W39),Columbus Crew SC (32),2-1,?,D.C. United (30),,
Regular,?,West,West,(Sun) 2 Oct 2011 (W39),Vancouver Whitecaps FC (30),0-1,?,Portland Timbers (31),,
Regular,?,West,East,(Sun) 2 Oct 2011 (W39),CD Chivas USA (32),1-1,?,Philadelphia Union (31),,
Regular,?,East,West,(Tue) 4 Oct 2011 (W40),New York Red Bulls (32),2-0,?,LA Galaxy (32),,
Regular,?,West,West,(Thu) 6 Oct 2011 (W40),Vancouver Whitecaps FC (31),3-0,?,Real Salt Lake (32),,
Regular,?,East,West,(Sat) 8 Oct 2011 (W40),New England Revolution (32),1-2,?,San Jose Earthquakes (32),,
Regular,?,West,East,(Sun) 9 Oct 2011 (W40),Seattle Sounders FC (32),0-2,?,Philadelphia Union (32),,
Regular,?,East,West,(Wed) 12 Oct 2011 (W41),Chicago Fire (32),1-2,?,FC Dallas (32),,
Regular,?,West,East,(Thu) 13 Oct 2011 (W41),Vancouver Whitecaps FC (32),2-1,?,D.C. United (31),,
Regular,?,West,West,(Sat) 15 Oct 2011 (W41),Colorado Rapids (33),0-0,?,Real Salt Lake (33),,
Regular,?,West,East,(Sat) 15 Oct 2011 (W41),Portland Timbers (32),0-2,?,Houston Dynamo (33),,
Regular,?,East,East,(Sat) 15 Oct 2011 (W41),Sporting Kansas City (33),2-0,?,New York Red Bulls (33),,
Regular,?,East,East,(Sat) 15 Oct 2011 (W41),Philadelphia Union (33),1-1,?,Toronto FC (33),,
Regular,?,East,East,(Sat) 15 Oct 2011 (W41),New England Revolution (33),0-3,?,Columbus Crew SC (33),,
Regular,?,East,East,(Sat) 15 Oct 2011 (W41),D.C. United (32),1-2,?,Chicago Fire (33),,
Regular,?,West,West,(Sat) 15 Oct 2011 (W41),FC Dallas (33),2-0,?,Vancouver Whitecaps FC (33),,
Regular,?,West,West,(Sun) 16 Oct 2011 (W41),Seattle Sounders FC (33),2-1,?,San Jose Earthquakes (33),,
Regular,?,West,West,(Sun) 16 Oct 2011 (W41),LA Galaxy (33),1-0,?,CD Chivas USA (33),,
Regular,?,East,West,(Wed) 19 Oct 2011 (W42),D.C. United (33),1-1,?,Portland Timbers (33),,
Regular,?,East,East,(Thu) 20 Oct 2011 (W42),New York Red Bulls (34),1-0,?,Philadelphia Union (34),,
Regular,?,East,East,(Sat) 22 Oct 2011 (W42),Toronto FC (34),2-2,?,New England Revolution (34),,
Regular,?,West,West,(Sat) 22 Oct 2011 (W42),Vancouver Whitecaps FC (34),1-2,?,Colorado Rapids (34),,
Regular,?,East,East,(Sat) 22 Oct 2011 (W42),D.C. United (34),0-1,?,Sporting Kansas City (34),,
Regular,?,East,East,(Sat) 22 Oct 2011 (W42),Chicago Fire (34),3-2,?,Columbus Crew SC (34),,
Regular,?,West,West,(Sat) 22 Oct 2011 (W42),Real Salt Lake (34),1-1,?,Portland Timbers (34),,
Regular,?,West,West,(Sun) 23 Oct 2011 (W42),CD Chivas USA (34),1-3,?,Seattle Sounders FC (34),,
Regular,?,West,West,(Sun) 23 Oct 2011 (W42),San Jose Earthquakes (34),4-2,?,FC Dallas (34),,
Regular,?,East,West,(Sun) 23 Oct 2011 (W42),Houston Dynamo (34),3-1,?,LA Galaxy (34),,
Playoff,Conf. Knockout,West,East,(Wed) 26 Oct 2011 (W43),FC Dallas (35),0-2,?,New York Red Bulls (35),,
Playoff,Conf. Knockout,West,East,(Fri) 28 Oct 2011 (W43),Colorado Rapids (35),1-0,?,Columbus Crew SC (35),,
Playoff,Conf. Semifinals | Leg 1,West,West,(Sun) 30 Oct 2011 (W43),Real Salt Lake (35),3-0,?,Seattle Sounders FC (35),,
Playoff,Conf. Semifinals | Leg 1,East,West,(Sun) 30 Oct 2011 (W43),New York Red Bulls (36),0-1,?,LA Galaxy (35),,
Playoff,Conf. Semifinals | Leg 1,East,East,(Sun) 30 Oct 2011 (W43),Philadelphia Union (35),1-2,?,Houston Dynamo (35),,
Playoff,Conf. Semifinals | Leg 1,West,East,(Sun) 30 Oct 2011 (W43),Colorado Rapids (36),0-2,?,Sporting Kansas City (35),,
Playoff,Conf. Semifinals | Leg 2,East,West,(Wed) 2 Nov 2011 (W44),Sporting Kansas City (36),2-0,?,Colorado Rapids (37),,
Playoff,Conf. Semifinals | Leg 2,West,West,(Thu) 3 Nov 2011 (W44),Seattle Sounders FC (36),2-0,?,Real Salt Lake (36),,
Playoff,Conf. Semifinals | Leg 2,East,East,(Thu) 3 Nov 2011 (W44),Houston Dynamo (36),1-0,?,Philadelphia Union (36),,
Playoff,Conf. Semifinals | Leg 2,West,East,(Fri) 4 Nov 2011 (W44),LA Galaxy (36),2-1,?,New York Red Bulls (37),,
Playoff,Conf. Finals,East,East,(Sun) 6 Nov 2011 (W44),Sporting Kansas City (37),0-2,?,Houston Dynamo (37),,
Playoff,Conf. Finals,West,West,(Sun) 6 Nov 2011 (W44),LA Galaxy (37),3-1,?,Real Salt Lake (37),,
Playoff,Final,West,East,(Sun) 20 Nov 2011 (W46),LA Galaxy (38),1-0,?,Houston Dynamo (38),,
