Stage,Round,Conf 1,Conf 2,Date,Team 1,FT,HT,Team 2,ET,P
Regular,?,West,East,(Sat) 2 Apr 2005 (W13),CD Chivas USA (1),0-2,?,D.C. United (1),,
Regular,?,East,West,(Sat) 2 Apr 2005 (W13),New York Red Bulls (1),0-0,?,Real Salt Lake (1),,
Regular,?,East,West,(Sat) 2 Apr 2005 (W13),Columbus Crew SC (1),3-0,?,LA Galaxy (1),,
Regular,?,East,West,(Sat) 2 Apr 2005 (W13),Sporting Kansas City (1),3-2,?,Colorado Rapids (1),,
Regular,?,West,East,(Sat) 2 Apr 2005 (W13),FC Dallas (1),2-1,?,Chicago Fire (1),,
Regular,?,West,East,(Sun) 3 Apr 2005 (W13),San Jose Earthquakes (1),2-2,?,New England Revolution (1),,
Regular,?,West,West,(Sat) 9 Apr 2005 (W14),San Jose Earthquakes (2),3-3,?,CD Chivas USA (2),,
Regular,?,East,East,(Sat) 9 Apr 2005 (W14),D.C. United (2),1-1,?,Chicago Fire (2),,
Regular,?,East,East,(Sat) 9 Apr 2005 (W14),New England Revolution (2),3-0,?,Columbus Crew SC (2),,
Regular,?,West,West,(Sat) 9 Apr 2005 (W14),Colorado Rapids (2),0-0,?,FC Dallas (2),,
Regular,?,West,West,(Sun) 10 Apr 2005 (W14),LA Galaxy (2),3-1,?,Real Salt Lake (2),,
Regular,?,East,East,(Fri) 15 Apr 2005 (W15),Columbus Crew SC (3),1-0,?,D.C. United (3),,
Regular,?,West,West,(Sat) 16 Apr 2005 (W15),Real Salt Lake (3),1-0,?,Colorado Rapids (3),,
Regular,?,East,East,(Sat) 16 Apr 2005 (W15),New York Red Bulls (2),2-2,?,Sporting Kansas City (2),,
Regular,?,East,West,(Sat) 16 Apr 2005 (W15),Chicago Fire (3),2-1,?,San Jose Earthquakes (3),,
Regular,?,West,West,(Sun) 17 Apr 2005 (W15),CD Chivas USA (3),1-3,?,FC Dallas (3),,
Regular,?,East,East,(Fri) 22 Apr 2005 (W16),New York Red Bulls (3),0-1,?,Chicago Fire (4),,
Regular,?,East,East,(Sat) 23 Apr 2005 (W16),D.C. United (4),3-4,?,New England Revolution (3),,
Regular,?,West,West,(Sat) 23 Apr 2005 (W16),FC Dallas (4),3-0,?,Real Salt Lake (4),,
Regular,?,West,East,(Sat) 23 Apr 2005 (W16),Colorado Rapids (4),2-0,?,Columbus Crew SC (4),,
Regular,?,West,West,(Sun) 24 Apr 2005 (W16),LA Galaxy (3),3-1,?,CD Chivas USA (4),,
Regular,?,West,East,(Sun) 24 Apr 2005 (W16),San Jose Earthquakes (4),3-2,?,Sporting Kansas City (3),,
Regular,?,East,East,(Wed) 27 Apr 2005 (W17),Chicago Fire (5),0-3,?,New England Revolution (4),,
Regular,?,East,East,(Sat) 30 Apr 2005 (W17),Sporting Kansas City (4),0-0,?,D.C. United (5),,
Regular,?,East,East,(Sat) 30 Apr 2005 (W17),Columbus Crew SC (5),0-2,?,Chicago Fire (6),,
Regular,?,East,West,(Sat) 30 Apr 2005 (W17),New England Revolution (5),1-0,?,CD Chivas USA (5),,
Regular,?,West,East,(Sat) 30 Apr 2005 (W17),Colorado Rapids (5),1-3,?,New York Red Bulls (4),,
Regular,?,West,West,(Sat) 30 Apr 2005 (W17),Real Salt Lake (5),2-2,?,San Jose Earthquakes (5),,
Regular,?,West,West,(Sun) 1 May 2005 (W17),LA Galaxy (4),2-0,?,FC Dallas (5),,
Regular,?,East,West,(Sat) 7 May 2005 (W18),New York Red Bulls (5),0-1,?,San Jose Earthquakes (6),,
Regular,?,East,East,(Sat) 7 May 2005 (W18),New England Revolution (6),2-0,?,Chicago Fire (7),,
Regular,?,East,East,(Sat) 7 May 2005 (W18),D.C. United (6),3-1,?,Columbus Crew SC (6),,
Regular,?,East,West,(Sat) 7 May 2005 (W18),Sporting Kansas City (5),3-3,?,FC Dallas (6),,
Regular,?,West,West,(Sun) 8 May 2005 (W18),CD Chivas USA (6),1-0,?,Real Salt Lake (6),,
Regular,?,West,West,(Sun) 8 May 2005 (W18),LA Galaxy (5),3-2,?,Colorado Rapids (6),,
Regular,?,East,East,(Sat) 14 May 2005 (W19),New England Revolution (7),1-0,?,D.C. United (7),,
Regular,?,East,East,(Sat) 14 May 2005 (W19),Columbus Crew SC (7),0-4,?,Sporting Kansas City (6),,
Regular,?,East,East,(Sat) 14 May 2005 (W19),Chicago Fire (8),0-3,?,New York Red Bulls (6),,
Regular,?,West,West,(Sat) 14 May 2005 (W19),Colorado Rapids (7),2-1,?,CD Chivas USA (7),,
Regular,?,West,West,(Sat) 14 May 2005 (W19),Real Salt Lake (7),2-1,?,LA Galaxy (6),,
Regular,?,West,West,(Sun) 15 May 2005 (W19),San Jose Earthquakes (7),0-0,?,FC Dallas (7),,
Regular,?,West,West,(Wed) 18 May 2005 (W20),FC Dallas (8),2-1,?,Colorado Rapids (8),,
Regular,?,West,West,(Wed) 18 May 2005 (W20),Real Salt Lake (8),2-0,?,CD Chivas USA (8),,
Regular,?,East,East,(Sat) 21 May 2005 (W20),New York Red Bulls (7),2-2,?,New England Revolution (8),,
Regular,?,East,West,(Sat) 21 May 2005 (W20),Columbus Crew SC (8),2-0,?,Real Salt Lake (9),,
Regular,?,East,East,(Sat) 21 May 2005 (W20),D.C. United (8),3-2,?,Sporting Kansas City (7),,
Regular,?,East,West,(Sat) 21 May 2005 (W20),Chicago Fire (9),2-1,?,Colorado Rapids (9),,
Regular,?,West,West,(Sun) 22 May 2005 (W20),LA Galaxy (7),2-1,?,San Jose Earthquakes (8),,
Regular,?,West,West,(Sun) 22 May 2005 (W20),CD Chivas USA (9),2-5,?,FC Dallas (9),,
Regular,?,East,East,(Wed) 25 May 2005 (W21),Sporting Kansas City (8),1-0,?,New York Red Bulls (8),,
Regular,?,West,West,(Wed) 25 May 2005 (W21),Colorado Rapids (10),0-1,?,San Jose Earthquakes (9),,
Regular,?,West,East,(Thu) 26 May 2005 (W21),LA Galaxy (8),0-0,?,Columbus Crew SC (9),,
Regular,?,East,East,(Sat) 28 May 2005 (W21),Columbus Crew SC (10),0-3,?,New York Red Bulls (9),,
Regular,?,East,West,(Sat) 28 May 2005 (W21),D.C. United (9),0-2,?,FC Dallas (10),,
Regular,?,East,West,(Sat) 28 May 2005 (W21),New England Revolution (9),0-0,?,Colorado Rapids (11),,
Regular,?,East,West,(Sat) 28 May 2005 (W21),Sporting Kansas City (9),1-0,?,San Jose Earthquakes (10),,
Regular,?,West,East,(Sat) 28 May 2005 (W21),Real Salt Lake (10),0-3,?,Chicago Fire (10),,
Regular,?,West,West,(Sun) 29 May 2005 (W21),CD Chivas USA (10),0-2,?,LA Galaxy (9),,
Regular,?,East,East,(Tue) 31 May 2005 (W22),New York Red Bulls (10),2-1,?,Chicago Fire (11),,
Regular,?,West,East,(Thu) 2 Jun 2005 (W22),CD Chivas USA (11),1-1,?,Sporting Kansas City (10),,
Regular,?,East,West,(Sat) 4 Jun 2005 (W22),Chicago Fire (12),5-2,?,CD Chivas USA (12),,
Regular,?,East,East,(Sat) 4 Jun 2005 (W22),New England Revolution (10),1-1,?,Sporting Kansas City (11),,
Regular,?,West,West,(Sun) 5 Jun 2005 (W22),Real Salt Lake (11),0-2,?,FC Dallas (11),,
Regular,?,West,East,(Sun) 5 Jun 2005 (W22),LA Galaxy (10),2-2,?,New York Red Bulls (11),,
Regular,?,West,East,(Sun) 5 Jun 2005 (W22),San Jose Earthquakes (11),0-0,?,D.C. United (10),,
Regular,?,East,West,(Sat) 11 Jun 2005 (W23),Columbus Crew SC (11),1-0,?,Colorado Rapids (12),,
Regular,?,East,East,(Sat) 11 Jun 2005 (W23),Sporting Kansas City (12),0-2,?,New England Revolution (11),,
Regular,?,West,West,(Sun) 12 Jun 2005 (W23),LA Galaxy (11),1-0,?,Real Salt Lake (12),,
Regular,?,East,East,(Sun) 12 Jun 2005 (W23),New York Red Bulls (12),0-0,?,D.C. United (11),,
Regular,?,East,West,(Sun) 12 Jun 2005 (W23),Chicago Fire (13),2-0,?,FC Dallas (12),,
Regular,?,West,West,(Sun) 12 Jun 2005 (W23),CD Chivas USA (13),1-1,?,San Jose Earthquakes (12),,
Regular,?,East,East,(Wed) 15 Jun 2005 (W24),D.C. United (12),4-3,?,Chicago Fire (14),,
Regular,?,West,West,(Wed) 15 Jun 2005 (W24),Colorado Rapids (13),1-0,?,LA Galaxy (12),,
Regular,?,East,East,(Sat) 18 Jun 2005 (W24),Chicago Fire (15),1-1,?,Sporting Kansas City (13),,
Regular,?,East,East,(Sat) 18 Jun 2005 (W24),D.C. United (13),2-0,?,New England Revolution (12),,
Regular,?,East,East,(Sat) 18 Jun 2005 (W24),New York Red Bulls (13),3-2,?,Columbus Crew SC (12),,
Regular,?,West,West,(Sat) 18 Jun 2005 (W24),FC Dallas (13),1-0,?,LA Galaxy (13),,
Regular,?,West,West,(Sun) 19 Jun 2005 (W24),CD Chivas USA (14),1-3,?,Colorado Rapids (14),,
Regular,?,West,West,(Sun) 19 Jun 2005 (W24),San Jose Earthquakes (13),3-0,?,Real Salt Lake (13),,
Regular,?,East,East,(Wed) 22 Jun 2005 (W25),Columbus Crew SC (13),1-3,?,New England Revolution (13),,
Regular,?,West,West,(Wed) 22 Jun 2005 (W25),FC Dallas (14),2-1,?,CD Chivas USA (15),,
Regular,?,West,West,(Wed) 22 Jun 2005 (W25),Real Salt Lake (14),1-1,?,LA Galaxy (14),,
Regular,?,East,East,(Sat) 25 Jun 2005 (W25),New England Revolution (14),4-2,?,New York Red Bulls (14),,
Regular,?,East,West,(Sat) 25 Jun 2005 (W25),Sporting Kansas City (14),3-0,?,CD Chivas USA (16),,
Regular,?,West,West,(Sat) 25 Jun 2005 (W25),Colorado Rapids (15),1-3,?,FC Dallas (15),,
Regular,?,West,West,(Sun) 26 Jun 2005 (W25),San Jose Earthquakes (14),3-0,?,LA Galaxy (15),,
Regular,?,East,West,(Sun) 26 Jun 2005 (W25),Chicago Fire (16),3-1,?,Real Salt Lake (15),,
Regular,?,East,East,(Wed) 29 Jun 2005 (W26),Sporting Kansas City (15),1-1,?,Columbus Crew SC (14),,
Regular,?,East,East,(Wed) 29 Jun 2005 (W26),Chicago Fire (17),4-3,?,D.C. United (14),,
Regular,?,West,West,(Thu) 30 Jun 2005 (W26),San Jose Earthquakes (15),1-0,?,Colorado Rapids (16),,
Regular,?,East,East,(Sat) 2 Jul 2005 (W26),Columbus Crew SC (15),0-1,?,D.C. United (15),,
Regular,?,West,West,(Sat) 2 Jul 2005 (W26),FC Dallas (16),2-2,?,San Jose Earthquakes (16),,
Regular,?,West,East,(Sun) 3 Jul 2005 (W26),CD Chivas USA (17),0-1,?,Chicago Fire (18),,
Regular,?,West,East,(Mon) 4 Jul 2005 (W27),Real Salt Lake (16),2-2,?,New York Red Bulls (15),,
Regular,?,West,East,(Mon) 4 Jul 2005 (W27),Colorado Rapids (17),2-1,?,Sporting Kansas City (16),,
Regular,?,West,East,(Tue) 5 Jul 2005 (W27),LA Galaxy (16),1-1,?,New England Revolution (15),,
Regular,?,East,East,(Sat) 9 Jul 2005 (W27),D.C. United (16),0-1,?,Sporting Kansas City (17),,
Regular,?,East,West,(Sat) 9 Jul 2005 (W27),Columbus Crew SC (16),1-2,?,San Jose Earthquakes (17),,
Regular,?,East,West,(Sat) 9 Jul 2005 (W27),New York Red Bulls (16),2-1,?,LA Galaxy (17),,
Regular,?,East,East,(Sat) 9 Jul 2005 (W27),Chicago Fire (19),1-0,?,New England Revolution (16),,
Regular,?,West,West,(Sun) 10 Jul 2005 (W27),CD Chivas USA (18),5-1,?,Real Salt Lake (17),,
Regular,?,East,West,(Fri) 15 Jul 2005 (W28),D.C. United (17),3-0,?,San Jose Earthquakes (18),,
Regular,?,East,East,(Sat) 16 Jul 2005 (W28),Chicago Fire (20),1-1,?,Columbus Crew SC (17),,
Regular,?,East,West,(Sat) 16 Jul 2005 (W28),New England Revolution (17),3-2,?,FC Dallas (17),,
Regular,?,East,West,(Sat) 16 Jul 2005 (W28),New York Red Bulls (17),1-1,?,Colorado Rapids (18),,
Regular,?,East,West,(Sat) 16 Jul 2005 (W28),Sporting Kansas City (18),3-2,?,Real Salt Lake (18),,
Regular,?,West,West,(Sun) 17 Jul 2005 (W28),LA Galaxy (18),2-0,?,CD Chivas USA (19),,
Regular,?,East,East,(Wed) 20 Jul 2005 (W29),Columbus Crew SC (18),1-0,?,New York Red Bulls (18),,
Regular,?,East,East,(Wed) 20 Jul 2005 (W29),Sporting Kansas City (19),1-1,?,D.C. United (18),,
Regular,?,West,West,(Wed) 20 Jul 2005 (W29),Colorado Rapids (19),1-2,?,San Jose Earthquakes (19),,
Regular,?,West,East,(Sat) 23 Jul 2005 (W29),CD Chivas USA (20),1-0,?,New England Revolution (18),,
Regular,?,West,East,(Sat) 23 Jul 2005 (W29),LA Galaxy (19),0-1,?,D.C. United (19),,
Regular,?,East,East,(Sat) 23 Jul 2005 (W29),Columbus Crew SC (19),2-0,?,Sporting Kansas City (20),,
Regular,?,West,East,(Sat) 23 Jul 2005 (W29),Colorado Rapids (20),4-1,?,Chicago Fire (21),,
Regular,?,West,West,(Sat) 23 Jul 2005 (W29),Real Salt Lake (19),3-0,?,FC Dallas (18),,
Regular,?,West,East,(Sun) 24 Jul 2005 (W29),San Jose Earthquakes (20),2-1,?,New York Red Bulls (19),,
Regular,?,East,West,(Wed) 27 Jul 2005 (W30),New York Red Bulls (20),3-2,?,FC Dallas (19),,
Regular,?,East,West,(Wed) 27 Jul 2005 (W30),New England Revolution (19),1-1,?,LA Galaxy (20),,
Regular,?,West,West,(Sat) 6 Aug 2005 (W31),Real Salt Lake (20),2-1,?,CD Chivas USA (21),,
Regular,?,East,East,(Sat) 6 Aug 2005 (W31),New England Revolution (20),1-2,?,Sporting Kansas City (21),,
Regular,?,West,East,(Sat) 6 Aug 2005 (W31),FC Dallas (20),2-2,?,New York Red Bulls (21),,
Regular,?,East,East,(Sat) 6 Aug 2005 (W31),Chicago Fire (22),2-3,?,D.C. United (20),,
Regular,?,West,West,(Sat) 6 Aug 2005 (W31),Colorado Rapids (21),2-0,?,LA Galaxy (21),,
Regular,?,West,East,(Sun) 7 Aug 2005 (W31),San Jose Earthquakes (21),2-1,?,Columbus Crew SC (20),,
Regular,?,East,East,(Wed) 10 Aug 2005 (W32),D.C. United (21),3-0,?,New York Red Bulls (22),,
Regular,?,East,West,(Wed) 10 Aug 2005 (W32),New England Revolution (21),4-1,?,Real Salt Lake (21),,
Regular,?,East,East,(Wed) 10 Aug 2005 (W32),Chicago Fire (23),2-3,?,Sporting Kansas City (22),,
Regular,?,West,West,(Thu) 11 Aug 2005 (W32),CD Chivas USA (22),0-1,?,LA Galaxy (22),,
Regular,?,East,West,(Sat) 13 Aug 2005 (W32),D.C. United (22),3-0,?,CD Chivas USA (23),,
Regular,?,East,West,(Sat) 13 Aug 2005 (W32),Chicago Fire (24),2-1,?,LA Galaxy (23),,
Regular,?,West,East,(Sat) 13 Aug 2005 (W32),FC Dallas (21),1-2,?,New England Revolution (22),,
Regular,?,West,East,(Sat) 13 Aug 2005 (W32),Real Salt Lake (22),2-4,?,Sporting Kansas City (23),,
Regular,?,West,West,(Sun) 14 Aug 2005 (W32),San Jose Earthquakes (22),1-1,?,Colorado Rapids (22),,
Regular,?,East,East,(Sun) 14 Aug 2005 (W32),New York Red Bulls (23),2-1,?,Columbus Crew SC (21),,
Regular,?,West,East,(Wed) 17 Aug 2005 (W33),Colorado Rapids (23),2-0,?,New England Revolution (23),,
Regular,?,East,East,(Fri) 19 Aug 2005 (W33),Sporting Kansas City (24),3-0,?,Chicago Fire (25),,
Regular,?,East,West,(Sat) 20 Aug 2005 (W33),Columbus Crew SC (22),1-0,?,FC Dallas (22),,
Regular,?,East,West,(Sat) 20 Aug 2005 (W33),D.C. United (23),2-3,?,LA Galaxy (24),,
Regular,?,West,West,(Sat) 20 Aug 2005 (W33),Real Salt Lake (23),0-1,?,San Jose Earthquakes (23),,
Regular,?,East,West,(Sun) 21 Aug 2005 (W33),New York Red Bulls (24),3-3,?,CD Chivas USA (24),,
Regular,?,East,East,(Fri) 26 Aug 2005 (W34),Sporting Kansas City (25),0-1,?,Columbus Crew SC (23),,
Regular,?,East,East,(Sat) 27 Aug 2005 (W34),New England Revolution (24),2-1,?,D.C. United (24),,
Regular,?,West,West,(Sat) 27 Aug 2005 (W34),FC Dallas (23),2-2,?,CD Chivas USA (25),,
Regular,?,West,West,(Sun) 28 Aug 2005 (W34),San Jose Earthquakes (24),2-1,?,LA Galaxy (25),,
Regular,?,East,West,(Wed) 31 Aug 2005 (W35),D.C. United (25),5-1,?,Real Salt Lake (24),,
Regular,?,East,East,(Sat) 3 Sep 2005 (W35),New York Red Bulls (25),2-2,?,Sporting Kansas City (26),,
Regular,?,West,West,(Sat) 3 Sep 2005 (W35),FC Dallas (24),0-2,?,San Jose Earthquakes (25),,
Regular,?,West,East,(Sat) 3 Sep 2005 (W35),Colorado Rapids (24),1-0,?,D.C. United (26),,
Regular,?,West,East,(Sat) 3 Sep 2005 (W35),Real Salt Lake (25),0-1,?,New England Revolution (25),,
Regular,?,West,East,(Sun) 4 Sep 2005 (W35),CD Chivas USA (26),0-3,?,Columbus Crew SC (24),,
Regular,?,West,East,(Sun) 4 Sep 2005 (W35),LA Galaxy (26),1-2,?,Chicago Fire (26),,
Regular,?,East,East,(Sat) 10 Sep 2005 (W36),New England Revolution (26),3-1,?,Columbus Crew SC (25),,
Regular,?,East,East,(Sat) 10 Sep 2005 (W36),Sporting Kansas City (27),0-1,?,New York Red Bulls (26),,
Regular,?,West,East,(Sat) 10 Sep 2005 (W36),FC Dallas (25),1-2,?,D.C. United (27),,
Regular,?,West,West,(Sun) 11 Sep 2005 (W36),LA Galaxy (27),4-1,?,Colorado Rapids (25),,
Regular,?,West,West,(Sun) 11 Sep 2005 (W36),San Jose Earthquakes (26),3-0,?,CD Chivas USA (27),,
Regular,?,East,East,(Sat) 17 Sep 2005 (W37),Columbus Crew SC (26),1-2,?,Chicago Fire (27),,
Regular,?,East,West,(Sat) 17 Sep 2005 (W37),D.C. United (28),2-0,?,Colorado Rapids (26),,
Regular,?,East,East,(Sat) 17 Sep 2005 (W37),New York Red Bulls (27),5-4,?,New England Revolution (27),,
Regular,?,East,West,(Sat) 17 Sep 2005 (W37),Sporting Kansas City (28),2-2,?,LA Galaxy (28),,
Regular,?,West,West,(Sun) 18 Sep 2005 (W37),CD Chivas USA (28),1-2,?,San Jose Earthquakes (27),,
Regular,?,West,West,(Sun) 18 Sep 2005 (W37),FC Dallas (26),2-1,?,Real Salt Lake (26),,
Regular,?,West,West,(Wed) 21 Sep 2005 (W38),Colorado Rapids (27),2-0,?,Real Salt Lake (27),,
Regular,?,East,East,(Wed) 21 Sep 2005 (W38),Columbus Crew SC (27),1-1,?,New England Revolution (28),,
Regular,?,West,West,(Wed) 21 Sep 2005 (W38),FC Dallas (27),4-1,?,LA Galaxy (29),,
Regular,?,West,West,(Wed) 21 Sep 2005 (W38),Colorado Rapids (28),2-0,?,Real Salt Lake (28),,
Regular,?,West,East,(Thu) 22 Sep 2005 (W38),San Jose Earthquakes (28),2-0,?,Chicago Fire (28),,
Regular,?,East,East,(Sat) 24 Sep 2005 (W38),New England Revolution (29),1-0,?,New York Red Bulls (28),,
Regular,?,West,East,(Sat) 24 Sep 2005 (W38),Real Salt Lake (29),1-2,?,Columbus Crew SC (28),,
Regular,?,West,West,(Sun) 25 Sep 2005 (W38),CD Chivas USA (29),1-3,?,Colorado Rapids (29),,
Regular,?,West,West,(Sun) 25 Sep 2005 (W38),San Jose Earthquakes (29),1-1,?,FC Dallas (28),,
Regular,?,West,East,(Sun) 25 Sep 2005 (W38),LA Galaxy (30),2-1,?,Sporting Kansas City (29),,
Regular,?,East,West,(Sat) 1 Oct 2005 (W39),Columbus Crew SC (29),0-1,?,CD Chivas USA (30),,
Regular,?,East,East,(Sat) 1 Oct 2005 (W39),New York Red Bulls (29),1-4,?,D.C. United (29),,
Regular,?,East,West,(Sat) 1 Oct 2005 (W39),New England Revolution (30),0-2,?,San Jose Earthquakes (30),,
Regular,?,East,East,(Sat) 1 Oct 2005 (W39),Sporting Kansas City (30),0-1,?,Chicago Fire (29),,
Regular,?,West,West,(Sat) 1 Oct 2005 (W39),Colorado Rapids (30),2-1,?,Real Salt Lake (30),,
Regular,?,West,West,(Sun) 2 Oct 2005 (W39),LA Galaxy (31),2-1,?,FC Dallas (29),,
Regular,?,East,East,(Wed) 5 Oct 2005 (W40),Chicago Fire (30),2-2,?,New York Red Bulls (30),,
Regular,?,West,East,(Wed) 5 Oct 2005 (W40),FC Dallas (30),2-1,?,Columbus Crew SC (30),,
Regular,?,West,West,(Wed) 5 Oct 2005 (W40),Colorado Rapids (31),1-1,?,CD Chivas USA (31),,
Regular,?,West,East,(Wed) 5 Oct 2005 (W40),Real Salt Lake (31),1-3,?,D.C. United (30),,
Regular,?,East,East,(Sat) 8 Oct 2005 (W40),D.C. United (31),1-2,?,New York Red Bulls (31),,
Regular,?,East,East,(Sat) 8 Oct 2005 (W40),Sporting Kansas City (31),2-2,?,New England Revolution (31),,
Regular,?,East,East,(Sat) 8 Oct 2005 (W40),Chicago Fire (31),1-2,?,Columbus Crew SC (31),,
Regular,?,West,West,(Sat) 8 Oct 2005 (W40),FC Dallas (31),0-0,?,Colorado Rapids (32),,
Regular,?,West,West,(Sun) 9 Oct 2005 (W40),San Jose Earthquakes (31),2-2,?,Real Salt Lake (32),,
Regular,?,West,West,(Wed) 12 Oct 2005 (W41),Real Salt Lake (33),0-1,?,Colorado Rapids (33),,
Regular,?,East,East,(Sat) 15 Oct 2005 (W41),D.C. United (32),2-2,?,Columbus Crew SC (32),,
Regular,?,East,East,(Sat) 15 Oct 2005 (W41),New England Revolution (32),1-0,?,Chicago Fire (32),,
Regular,?,West,East,(Sat) 15 Oct 2005 (W41),FC Dallas (32),2-2,?,Sporting Kansas City (32),,
Regular,?,West,West,(Sun) 16 Oct 2005 (W41),LA Galaxy (32),1-3,?,San Jose Earthquakes (32),,
Regular,?,West,East,(Sun) 16 Oct 2005 (W41),CD Chivas USA (32),0-2,?,New York Red Bulls (32),,
Playoff,Conf. Semifinals | Leg 1,East,East,(Fri) 21 Oct 2005 (W42),Chicago Fire (33),0-0,?,D.C. United (33),,
Playoff,Conf. Semifinals | Leg 1,East,East,(Sat) 22 Oct 2005 (W42),New York Red Bulls (33),1-0,?,New England Revolution (33),,
Playoff,Conf. Semifinals | Leg 1,West,West,(Sat) 22 Oct 2005 (W42),Colorado Rapids (34),0-0,?,FC Dallas (33),,
Playoff,Conf. Semifinals | Leg 1,West,West,(Sun) 23 Oct 2005 (W42),LA Galaxy (33),3-1,?,San Jose Earthquakes (33),,
Playoff,Conf. Semifinals | Leg 2,East,East,(Sat) 29 Oct 2005 (W43),New England Revolution (34),3-1,?,New York Red Bulls (34),,
Playoff,Conf. Semifinals | Leg 2,West,West,(Sat) 29 Oct 2005 (W43),FC Dallas (34),1-1 (*),?,Colorado Rapids (35),2-2 (a.e.t.),4-5 (pen.)
Playoff,Conf. Semifinals | Leg 2,West,West,(Sun) 30 Oct 2005 (W43),San Jose Earthquakes (34),1-1,?,LA Galaxy (34),,
Playoff,Conf. Semifinals | Leg 2,East,East,(Sun) 30 Oct 2005 (W43),D.C. United (34),0-4,?,Chicago Fire (34),,
Playoff,Conf. Finals,West,West,(Sat) 5 Nov 2005 (W44),Colorado Rapids (36),0-2,?,LA Galaxy (35),,
Playoff,Conf. Finals,East,East,(Sun) 6 Nov 2005 (W44),New England Revolution (35),1-0,?,Chicago Fire (35),,
Playoff,Final,East,West,(Sun) 13 Nov 2005 (W45),New England Revolution (36),0-0 (*),?,LA Galaxy (36),0-1 (a.e.t.),
