Stage,Round,Conf 1,Conf 2,Date,Team 1,FT,HT,Team 2,ET,P
Regular,?,East,West,(Sat) 5 Apr 2003 (W13),Columbus Crew SC (1),1-1,?,LA Galaxy (1),,
Regular,?,West,West,(Sat) 12 Apr 2003 (W14),Colorado Rapids (1),1-2,?,San Jose Earthquakes (1),,
Regular,?,East,East,(Sat) 12 Apr 2003 (W14),New York Red Bulls (1),0-1,?,Columbus Crew SC (2),,
Regular,?,West,East,(Sat) 12 Apr 2003 (W14),Sporting Kansas City (1),3-2,?,D.C. United (1),,
Regular,?,West,West,(Sat) 12 Apr 2003 (W14),FC Dallas (1),1-1,?,LA Galaxy (2),,
Regular,?,East,East,(Sun) 13 Apr 2003 (W14),Chicago Fire (1),1-1,?,New England Revolution (1),,
Regular,?,East,East,(Sat) 19 Apr 2003 (W15),D.C. United (2),0-0,?,Chicago Fire (2),,
Regular,?,West,West,(Sat) 19 Apr 2003 (W15),San Jose Earthquakes (2),1-1,?,Sporting Kansas City (2),,
Regular,?,East,West,(Sat) 19 Apr 2003 (W15),New York Red Bulls (2),1-1,?,LA Galaxy (3),,
Regular,?,East,East,(Sat) 19 Apr 2003 (W15),New England Revolution (2),1-2,?,Columbus Crew SC (3),,
Regular,?,West,East,(Sat) 26 Apr 2003 (W16),Colorado Rapids (2),1-1,?,D.C. United (3),,
Regular,?,West,East,(Sat) 26 Apr 2003 (W16),FC Dallas (2),1-2,?,New England Revolution (3),,
Regular,?,West,West,(Sat) 26 Apr 2003 (W16),San Jose Earthquakes (3),1-0,?,LA Galaxy (4),,
Regular,?,West,East,(Sat) 26 Apr 2003 (W16),Sporting Kansas City (3),2-3,?,Chicago Fire (3),,
Regular,?,East,East,(Sat) 26 Apr 2003 (W16),Columbus Crew SC (4),0-1,?,New York Red Bulls (3),,
Regular,?,East,West,(Sat) 3 May 2003 (W17),D.C. United (4),0-0,?,FC Dallas (3),,
Regular,?,East,West,(Sat) 3 May 2003 (W17),New York Red Bulls (4),2-1,?,Colorado Rapids (3),,
Regular,?,West,East,(Sat) 3 May 2003 (W17),Sporting Kansas City (4),2-2,?,Columbus Crew SC (5),,
Regular,?,East,West,(Sat) 3 May 2003 (W17),New England Revolution (4),0-2,?,San Jose Earthquakes (4),,
Regular,?,East,West,(Sat) 10 May 2003 (W18),Chicago Fire (4),0-0,?,San Jose Earthquakes (5),,
Regular,?,East,West,(Sat) 10 May 2003 (W18),Columbus Crew SC (6),2-0,?,Colorado Rapids (4),,
Regular,?,West,West,(Sat) 10 May 2003 (W18),FC Dallas (4),1-3,?,Sporting Kansas City (5),,
Regular,?,East,East,(Sat) 10 May 2003 (W18),New York Red Bulls (5),1-0,?,D.C. United (5),,
Regular,?,East,West,(Sat) 10 May 2003 (W18),New England Revolution (5),2-0,?,LA Galaxy (5),,
Regular,?,West,East,(Wed) 14 May 2003 (W19),Sporting Kansas City (6),1-1,?,New England Revolution (6),,
Regular,?,East,West,(Sat) 17 May 2003 (W19),D.C. United (6),1-1,?,Sporting Kansas City (7),,
Regular,?,West,West,(Sat) 17 May 2003 (W19),FC Dallas (5),1-1,?,LA Galaxy (6),,
Regular,?,West,East,(Sat) 17 May 2003 (W19),San Jose Earthquakes (6),4-3,?,Columbus Crew SC (7),,
Regular,?,East,East,(Sat) 17 May 2003 (W19),New England Revolution (7),3-0,?,Chicago Fire (5),,
Regular,?,West,East,(Sat) 17 May 2003 (W19),Colorado Rapids (5),0-2,?,New York Red Bulls (6),,
Regular,?,East,East,(Sat) 24 May 2003 (W20),Columbus Crew SC (8),2-3,?,New England Revolution (8),,
Regular,?,East,West,(Sat) 24 May 2003 (W20),New York Red Bulls (7),2-1,?,FC Dallas (6),,
Regular,?,West,West,(Sat) 24 May 2003 (W20),Sporting Kansas City (8),2-1,?,LA Galaxy (7),,
Regular,?,East,West,(Sun) 25 May 2003 (W20),Chicago Fire (6),4-0,?,Colorado Rapids (6),,
Regular,?,West,West,(Sat) 31 May 2003 (W21),Colorado Rapids (7),1-0,?,LA Galaxy (8),,
Regular,?,East,East,(Sat) 31 May 2003 (W21),Columbus Crew SC (9),1-1,?,New York Red Bulls (8),,
Regular,?,West,East,(Sat) 31 May 2003 (W21),FC Dallas (7),3-2,?,D.C. United (7),,
Regular,?,East,West,(Sat) 31 May 2003 (W21),New England Revolution (9),2-2,?,Sporting Kansas City (9),,
Regular,?,West,East,(Sat) 31 May 2003 (W21),San Jose Earthquakes (7),1-4,?,Chicago Fire (7),,
Regular,?,East,West,(Sat) 7 Jun 2003 (W22),Columbus Crew SC (10),1-0,?,San Jose Earthquakes (8),,
Regular,?,East,East,(Sat) 7 Jun 2003 (W22),D.C. United (8),2-0,?,Chicago Fire (8),,
Regular,?,West,East,(Sat) 7 Jun 2003 (W22),Sporting Kansas City (10),2-1,?,New York Red Bulls (9),,
Regular,?,West,West,(Sat) 7 Jun 2003 (W22),LA Galaxy (9),2-0,?,Colorado Rapids (8),,
Regular,?,West,East,(Wed) 11 Jun 2003 (W23),Colorado Rapids (9),0-0,?,D.C. United (9),,
Regular,?,West,East,(Sat) 14 Jun 2003 (W23),Colorado Rapids (10),4-1,?,New England Revolution (10),,
Regular,?,East,East,(Sat) 14 Jun 2003 (W23),D.C. United (10),3-0,?,Columbus Crew SC (11),,
Regular,?,West,West,(Sat) 14 Jun 2003 (W23),FC Dallas (8),1-2,?,San Jose Earthquakes (9),,
Regular,?,West,West,(Sat) 14 Jun 2003 (W23),LA Galaxy (10),2-1,?,Sporting Kansas City (11),,
Regular,?,East,East,(Sat) 14 Jun 2003 (W23),New York Red Bulls (10),2-3,?,Chicago Fire (9),,
Regular,?,East,West,(Wed) 18 Jun 2003 (W24),Chicago Fire (10),4-1,?,FC Dallas (9),,
Regular,?,West,West,(Wed) 18 Jun 2003 (W24),LA Galaxy (11),1-1,?,San Jose Earthquakes (10),,
Regular,?,East,East,(Sat) 21 Jun 2003 (W24),D.C. United (11),1-1,?,New England Revolution (11),,
Regular,?,West,West,(Sat) 21 Jun 2003 (W24),FC Dallas (10),3-1,?,Colorado Rapids (11),,
Regular,?,West,East,(Sat) 21 Jun 2003 (W24),San Jose Earthquakes (11),2-1,?,Columbus Crew SC (12),,
Regular,?,West,East,(Sat) 21 Jun 2003 (W24),Sporting Kansas City (12),4-2,?,Chicago Fire (11),,
Regular,?,East,West,(Sat) 21 Jun 2003 (W24),New York Red Bulls (11),1-0,?,LA Galaxy (12),,
Regular,?,West,West,(Wed) 25 Jun 2003 (W25),Colorado Rapids (12),2-2,?,LA Galaxy (13),,
Regular,?,East,East,(Sat) 28 Jun 2003 (W25),Columbus Crew SC (13),3-0,?,D.C. United (12),,
Regular,?,West,West,(Sat) 28 Jun 2003 (W25),San Jose Earthquakes (12),0-0,?,Sporting Kansas City (13),,
Regular,?,West,West,(Sat) 28 Jun 2003 (W25),LA Galaxy (14),3-0,?,FC Dallas (11),,
Regular,?,East,West,(Sat) 28 Jun 2003 (W25),New England Revolution (12),3-2,?,Colorado Rapids (13),,
Regular,?,East,East,(Sat) 28 Jun 2003 (W25),Chicago Fire (12),2-1,?,New York Red Bulls (12),,
Regular,?,West,East,(Wed) 2 Jul 2003 (W26),FC Dallas (12),1-3,?,D.C. United (13),,
Regular,?,East,West,(Wed) 2 Jul 2003 (W26),New York Red Bulls (13),4-4,?,San Jose Earthquakes (13),,
Regular,?,West,West,(Fri) 4 Jul 2003 (W26),Colorado Rapids (14),3-2,?,Sporting Kansas City (14),,
Regular,?,West,East,(Fri) 4 Jul 2003 (W26),LA Galaxy (15),2-2,?,New England Revolution (13),,
Regular,?,East,West,(Sat) 5 Jul 2003 (W26),Columbus Crew SC (14),0-0,?,FC Dallas (13),,
Regular,?,West,East,(Sat) 5 Jul 2003 (W26),San Jose Earthquakes (14),0-0,?,Chicago Fire (13),,
Regular,?,East,East,(Sat) 5 Jul 2003 (W26),D.C. United (14),2-3,?,New York Red Bulls (14),,
Regular,?,West,West,(Wed) 9 Jul 2003 (W27),LA Galaxy (16),0-1,?,Colorado Rapids (15),,
Regular,?,East,East,(Sat) 12 Jul 2003 (W27),Chicago Fire (14),1-2,?,D.C. United (15),,
Regular,?,West,West,(Sat) 12 Jul 2003 (W27),San Jose Earthquakes (15),0-2,?,Colorado Rapids (16),,
Regular,?,West,West,(Sat) 12 Jul 2003 (W27),Sporting Kansas City (15),5-1,?,FC Dallas (14),,
Regular,?,East,East,(Sat) 12 Jul 2003 (W27),New England Revolution (14),3-3,?,New York Red Bulls (15),,
Regular,?,East,West,(Wed) 16 Jul 2003 (W28),New England Revolution (15),1-2,?,FC Dallas (15),,
Regular,?,East,East,(Sat) 19 Jul 2003 (W28),Chicago Fire (15),3-1,?,New England Revolution (16),,
Regular,?,East,West,(Sat) 19 Jul 2003 (W28),Columbus Crew SC (15),0-1,?,Sporting Kansas City (16),,
Regular,?,West,East,(Sat) 19 Jul 2003 (W28),FC Dallas (16),1-2,?,New York Red Bulls (16),,
Regular,?,East,West,(Sat) 19 Jul 2003 (W28),D.C. United (16),1-2,?,San Jose Earthquakes (16),,
Regular,?,East,East,(Wed) 23 Jul 2003 (W29),Columbus Crew SC (16),1-1,?,New England Revolution (17),,
Regular,?,East,West,(Sat) 26 Jul 2003 (W29),Chicago Fire (16),2-0,?,Sporting Kansas City (17),,
Regular,?,West,East,(Sat) 26 Jul 2003 (W29),Colorado Rapids (17),1-0,?,New York Red Bulls (17),,
Regular,?,West,West,(Sat) 26 Jul 2003 (W29),San Jose Earthquakes (17),3-0,?,FC Dallas (17),,
Regular,?,East,East,(Sun) 27 Jul 2003 (W29),New England Revolution (18),2-4,?,D.C. United (17),,
Regular,?,West,East,(Wed) 30 Jul 2003 (W30),LA Galaxy (17),2-1,?,Columbus Crew SC (17),,
Regular,?,West,West,(Fri) 8 Aug 2003 (W31),Sporting Kansas City (18),0-1,?,San Jose Earthquakes (18),,
Regular,?,West,West,(Sat) 9 Aug 2003 (W31),Colorado Rapids (18),2-0,?,FC Dallas (18),,
Regular,?,East,East,(Sat) 9 Aug 2003 (W31),D.C. United (18),1-0,?,New England Revolution (19),,
Regular,?,West,East,(Sat) 9 Aug 2003 (W31),LA Galaxy (18),3-1,?,Columbus Crew SC (18),,
Regular,?,East,East,(Sat) 9 Aug 2003 (W31),Chicago Fire (17),1-1,?,New York Red Bulls (18),,
Regular,?,East,East,(Wed) 13 Aug 2003 (W32),Columbus Crew SC (19),2-2,?,Chicago Fire (18),,
Regular,?,East,West,(Wed) 13 Aug 2003 (W32),D.C. United (19),1-0,?,Colorado Rapids (19),,
Regular,?,West,West,(Wed) 13 Aug 2003 (W32),FC Dallas (19),0-3,?,San Jose Earthquakes (19),,
Regular,?,East,West,(Wed) 13 Aug 2003 (W32),New York Red Bulls (19),0-0,?,Sporting Kansas City (19),,
Regular,?,East,East,(Sat) 16 Aug 2003 (W32),Chicago Fire (19),3-1,?,D.C. United (20),,
Regular,?,West,East,(Sat) 16 Aug 2003 (W32),Colorado Rapids (20),2-1,?,Columbus Crew SC (20),,
Regular,?,West,West,(Sat) 16 Aug 2003 (W32),FC Dallas (20),3-2,?,Sporting Kansas City (20),,
Regular,?,West,East,(Sat) 16 Aug 2003 (W32),LA Galaxy (19),1-1,?,New York Red Bulls (20),,
Regular,?,East,West,(Sat) 16 Aug 2003 (W32),New England Revolution (20),1-1,?,San Jose Earthquakes (20),,
Regular,?,East,West,(Wed) 20 Aug 2003 (W33),Chicago Fire (20),1-0,?,LA Galaxy (20),,
Regular,?,West,West,(Fri) 22 Aug 2003 (W33),Sporting Kansas City (21),2-2,?,Colorado Rapids (21),,
Regular,?,West,East,(Sat) 23 Aug 2003 (W33),FC Dallas (21),1-2,?,Columbus Crew SC (21),,
Regular,?,West,East,(Sat) 23 Aug 2003 (W33),LA Galaxy (21),2-1,?,New England Revolution (21),,
Regular,?,West,East,(Sun) 24 Aug 2003 (W33),San Jose Earthquakes (21),1-0,?,D.C. United (21),,
Regular,?,East,East,(Sun) 24 Aug 2003 (W33),New York Red Bulls (21),1-2,?,Chicago Fire (21),,
Regular,?,West,West,(Sat) 30 Aug 2003 (W34),San Jose Earthquakes (22),1-2,?,Colorado Rapids (22),,
Regular,?,West,West,(Sat) 30 Aug 2003 (W34),LA Galaxy (22),2-1,?,FC Dallas (22),,
Regular,?,East,East,(Sat) 30 Aug 2003 (W34),New England Revolution (22),5-1,?,Chicago Fire (22),,
Regular,?,East,West,(Sun) 31 Aug 2003 (W34),Columbus Crew SC (22),1-0,?,Sporting Kansas City (22),,
Regular,?,East,East,(Sat) 6 Sep 2003 (W35),Chicago Fire (23),1-1,?,Columbus Crew SC (23),,
Regular,?,West,West,(Sat) 6 Sep 2003 (W35),Colorado Rapids (23),2-1,?,FC Dallas (23),,
Regular,?,East,West,(Sat) 6 Sep 2003 (W35),D.C. United (22),2-1,?,LA Galaxy (23),,
Regular,?,West,East,(Sat) 6 Sep 2003 (W35),Sporting Kansas City (23),1-2,?,New York Red Bulls (22),,
Regular,?,West,East,(Sun) 7 Sep 2003 (W35),San Jose Earthquakes (23),2-1,?,New England Revolution (23),,
Regular,?,West,West,(Sat) 13 Sep 2003 (W36),Colorado Rapids (24),1-0,?,Sporting Kansas City (24),,
Regular,?,East,West,(Sat) 13 Sep 2003 (W36),Columbus Crew SC (24),3-2,?,FC Dallas (24),,
Regular,?,East,West,(Sat) 13 Sep 2003 (W36),D.C. United (23),2-1,?,San Jose Earthquakes (24),,
Regular,?,West,East,(Sat) 13 Sep 2003 (W36),LA Galaxy (24),0-2,?,Chicago Fire (24),,
Regular,?,East,East,(Sat) 13 Sep 2003 (W36),New York Red Bulls (23),1-2,?,New England Revolution (24),,
Regular,?,East,West,(Thu) 18 Sep 2003 (W37),New England Revolution (25),0-0,?,Colorado Rapids (25),,
Regular,?,West,East,(Sat) 20 Sep 2003 (W37),FC Dallas (25),2-0,?,Chicago Fire (25),,
Regular,?,West,East,(Sat) 20 Sep 2003 (W37),LA Galaxy (25),1-0,?,D.C. United (24),,
Regular,?,East,East,(Sat) 20 Sep 2003 (W37),New York Red Bulls (24),1-0,?,Columbus Crew SC (25),,
Regular,?,West,West,(Sat) 20 Sep 2003 (W37),Sporting Kansas City (25),1-4,?,San Jose Earthquakes (25),,
Regular,?,East,East,(Thu) 25 Sep 2003 (W38),New York Red Bulls (25),0-2,?,D.C. United (25),,
Regular,?,West,West,(Sat) 27 Sep 2003 (W38),San Jose Earthquakes (26),5-2,?,FC Dallas (26),,
Regular,?,West,West,(Sat) 27 Sep 2003 (W38),LA Galaxy (26),1-2,?,Sporting Kansas City (26),,
Regular,?,East,East,(Sun) 28 Sep 2003 (W38),New England Revolution (26),3-2,?,Columbus Crew SC (26),,
Regular,?,East,East,(Sun) 28 Sep 2003 (W38),D.C. United (26),1-1,?,New York Red Bulls (26),,
Regular,?,West,East,(Wed) 1 Oct 2003 (W39),Colorado Rapids (26),1-1,?,Chicago Fire (26),,
Regular,?,East,West,(Sat) 4 Oct 2003 (W39),Chicago Fire (27),2-0,?,LA Galaxy (27),,
Regular,?,East,East,(Sat) 4 Oct 2003 (W39),Columbus Crew SC (27),1-1,?,D.C. United (27),,
Regular,?,West,East,(Sat) 4 Oct 2003 (W39),FC Dallas (27),1-4,?,New England Revolution (27),,
Regular,?,West,West,(Sat) 4 Oct 2003 (W39),Sporting Kansas City (27),4-2,?,Colorado Rapids (27),,
Regular,?,West,East,(Sun) 5 Oct 2003 (W39),San Jose Earthquakes (27),0-2,?,New York Red Bulls (27),,
Regular,?,East,East,(Fri) 10 Oct 2003 (W40),Chicago Fire (28),2-0,?,Columbus Crew SC (28),,
Regular,?,West,West,(Fri) 10 Oct 2003 (W40),Colorado Rapids (28),0-0,?,San Jose Earthquakes (28),,
Regular,?,East,West,(Sat) 11 Oct 2003 (W40),New York Red Bulls (28),0-0,?,FC Dallas (28),,
Regular,?,West,West,(Sat) 11 Oct 2003 (W40),Sporting Kansas City (28),2-1,?,LA Galaxy (28),,
Regular,?,East,East,(Sat) 11 Oct 2003 (W40),New England Revolution (28),1-0,?,D.C. United (28),,
Regular,?,East,West,(Sat) 18 Oct 2003 (W41),Chicago Fire (29),4-3,?,Colorado Rapids (29),,
Regular,?,West,West,(Sat) 18 Oct 2003 (W41),LA Galaxy (29),3-0,?,San Jose Earthquakes (29),,
Regular,?,East,East,(Sat) 18 Oct 2003 (W41),New York Red Bulls (29),1-2,?,New England Revolution (29),,
Regular,?,West,West,(Sat) 18 Oct 2003 (W41),Sporting Kansas City (29),1-0,?,FC Dallas (29),,
Regular,?,East,East,(Sun) 19 Oct 2003 (W41),D.C. United (29),2-3,?,Columbus Crew SC (29),,
Regular,?,East,West,(Sat) 25 Oct 2003 (W42),D.C. United (30),1-1,?,Sporting Kansas City (30),,
Regular,?,West,West,(Sat) 25 Oct 2003 (W42),FC Dallas (30),4-3,?,Colorado Rapids (30),,
Regular,?,West,West,(Sat) 25 Oct 2003 (W42),San Jose Earthquakes (30),1-1,?,LA Galaxy (30),,
Regular,?,East,East,(Sat) 25 Oct 2003 (W42),New England Revolution (30),5-2,?,New York Red Bulls (30),,
Regular,?,East,East,(Sun) 26 Oct 2003 (W42),Columbus Crew SC (30),6-2,?,Chicago Fire (30),,
Playoff,Conf. Semifinals | Leg 1,East,East,(Sat) 1 Nov 2003 (W43),D.C. United (31),0-2,?,Chicago Fire (31),,
Playoff,Conf. Semifinals | Leg 1,West,West,(Sat) 1 Nov 2003 (W43),LA Galaxy (31),2-0,?,San Jose Earthquakes (31),,
Playoff,Conf. Semifinals | Leg 1,East,East,(Sat) 1 Nov 2003 (W43),New York Red Bulls (31),0-2,?,New England Revolution (31),,
Playoff,Conf. Semifinals | Leg 1,West,West,(Tue) 4 Nov 2003 (W44),Colorado Rapids (31),1-1,?,Sporting Kansas City (31),,
Playoff,Conf. Semifinals | Leg 2,West,West,(Sat) 8 Nov 2003 (W44),Sporting Kansas City (32),2-0,?,Colorado Rapids (32),,
Playoff,Conf. Semifinals | Leg 2,West,West,(Sun) 9 Nov 2003 (W44),San Jose Earthquakes (32),4-2 (*),?,LA Galaxy (32),5-2 (a.e.t.),
Playoff,Conf. Semifinals | Leg 2,East,East,(Sun) 9 Nov 2003 (W44),New England Revolution (32),1-1,?,New York Red Bulls (32),,
Playoff,Conf. Semifinals | Leg 2,East,East,(Sun) 9 Nov 2003 (W44),Chicago Fire (32),2-0,?,D.C. United (32),,
Playoff,Conf. Finals,East,East,(Fri) 14 Nov 2003 (W45),Chicago Fire (33),0-0 (*),?,New England Revolution (33),1-0 (a.e.t.),
Playoff,Conf. Finals,West,West,(Sat) 15 Nov 2003 (W45),San Jose Earthquakes (33),3-2 (*),?,Sporting Kansas City (33),2-2 (a.e.t.),
Playoff,Final,East,West,(Sun) 23 Nov 2003 (W46),Chicago Fire (34),2-4,?,San Jose Earthquakes (34),,
