Stage,Round,Conf 1,Conf 2,Date,Team 1,FT,HT,Team 2,ET,P
Regular,?,East,East,(Sat) 2 Mar 2013 (W8),Philadelphia Union (1),1-3,?,Sporting Kansas City (1),,
Regular,?,West,East,(Sat) 2 Mar 2013 (W8),Vancouver Whitecaps FC (1),1-0,?,Toronto FC (1),,
Regular,?,East,East,(Sat) 2 Mar 2013 (W8),Houston Dynamo (1),2-0,?,D.C. United (1),,
Regular,?,West,West,(Sat) 2 Mar 2013 (W8),FC Dallas (1),1-0,?,Colorado Rapids (1),,
Regular,?,West,East,(Sun) 3 Mar 2013 (W8),Seattle Sounders FC (1),0-1,?,Montreal Impact (1),,
Regular,?,West,East,(Sun) 3 Mar 2013 (W8),CD Chivas USA (1),0-3,?,Columbus Crew SC (1),,
Regular,?,West,East,(Sun) 3 Mar 2013 (W8),LA Galaxy (1),4-0,?,Chicago Fire (1),,
Regular,?,West,East,(Sun) 3 Mar 2013 (W8),Portland Timbers (1),3-3,?,New York Red Bulls (1),,
Regular,?,West,West,(Mon) 4 Mar 2013 (W9),San Jose Earthquakes (1),0-2,?,Real Salt Lake (1),,
Regular,?,East,East,(Sat) 9 Mar 2013 (W9),Toronto FC (2),2-1,?,Sporting Kansas City (2),,
Regular,?,East,West,(Sat) 9 Mar 2013 (W9),D.C. United (2),1-0,?,Real Salt Lake (2),,
Regular,?,West,East,(Sat) 9 Mar 2013 (W9),Vancouver Whitecaps FC (2),2-1,?,Columbus Crew SC (2),,
Regular,?,East,East,(Sat) 9 Mar 2013 (W9),Chicago Fire (2),0-1,?,New England Revolution (1),,
Regular,?,West,East,(Sun) 10 Mar 2013 (W9),Portland Timbers (2),1-2,?,Montreal Impact (2),,
Regular,?,West,East,(Sun) 10 Mar 2013 (W9),Colorado Rapids (2),1-2,?,Philadelphia Union (2),,
Regular,?,West,West,(Sun) 10 Mar 2013 (W9),CD Chivas USA (2),3-1,?,FC Dallas (2),,
Regular,?,West,East,(Mon) 11 Mar 2013 (W10),San Jose Earthquakes (2),2-1,?,New York Red Bulls (2),,
Regular,?,East,East,(Sat) 16 Mar 2013 (W10),New York Red Bulls (3),0-0,?,D.C. United (3),,
Regular,?,East,East,(Sat) 16 Mar 2013 (W10),Sporting Kansas City (3),0-0,?,Chicago Fire (3),,
Regular,?,East,East,(Sat) 16 Mar 2013 (W10),Montreal Impact (3),2-1,?,Toronto FC (3),,
Regular,?,East,East,(Sat) 16 Mar 2013 (W10),Philadelphia Union (3),1-0,?,New England Revolution (2),,
Regular,?,East,West,(Sat) 16 Mar 2013 (W10),Columbus Crew SC (3),1-1,?,San Jose Earthquakes (3),,
Regular,?,West,West,(Sat) 16 Mar 2013 (W10),Real Salt Lake (3),1-1,?,Colorado Rapids (3),,
Regular,?,West,West,(Sat) 16 Mar 2013 (W10),Seattle Sounders FC (2),1-1,?,Portland Timbers (3),,
Regular,?,West,East,(Sun) 17 Mar 2013 (W10),FC Dallas (3),3-2,?,Houston Dynamo (2),,
Regular,?,West,West,(Sun) 17 Mar 2013 (W10),LA Galaxy (2),1-1,?,CD Chivas USA (3),,
Regular,?,East,East,(Sat) 23 Mar 2013 (W11),D.C. United (4),1-2,?,Columbus Crew SC (4),,
Regular,?,East,East,(Sat) 23 Mar 2013 (W11),New England Revolution (3),0-0,?,Sporting Kansas City (4),,
Regular,?,East,East,(Sat) 23 Mar 2013 (W11),Montreal Impact (4),1-0,?,New York Red Bulls (4),,
Regular,?,West,West,(Sat) 23 Mar 2013 (W11),FC Dallas (4),2-0,?,Real Salt Lake (4),,
Regular,?,East,West,(Sat) 23 Mar 2013 (W11),Houston Dynamo (3),2-1,?,Vancouver Whitecaps FC (3),,
Regular,?,West,West,(Sun) 24 Mar 2013 (W11),San Jose Earthquakes (4),1-0,?,Seattle Sounders FC (3),,
Regular,?,West,West,(Sun) 24 Mar 2013 (W11),LA Galaxy (3),1-0,?,Colorado Rapids (4),,
Regular,?,East,West,(Sun) 24 Mar 2013 (W11),Chicago Fire (4),1-4,?,CD Chivas USA (4),,
Regular,?,East,West,(Sat) 30 Mar 2013 (W12),Toronto FC (4),2-2,?,LA Galaxy (4),,
Regular,?,East,East,(Sat) 30 Mar 2013 (W12),New York Red Bulls (5),2-1,?,Philadelphia Union (4),,
Regular,?,East,West,(Sat) 30 Mar 2013 (W12),New England Revolution (4),0-1,?,FC Dallas (5),,
Regular,?,West,West,(Sat) 30 Mar 2013 (W12),Colorado Rapids (5),2-2,?,Portland Timbers (4),,
Regular,?,East,West,(Sat) 30 Mar 2013 (W12),Houston Dynamo (4),2-0,?,San Jose Earthquakes (5),,
Regular,?,East,East,(Sat) 30 Mar 2013 (W12),Sporting Kansas City (5),2-0,?,Montreal Impact (5),,
Regular,?,West,West,(Sat) 30 Mar 2013 (W12),Real Salt Lake (5),2-1,?,Seattle Sounders FC (4),,
Regular,?,West,West,(Sun) 31 Mar 2013 (W12),CD Chivas USA (5),2-1,?,Vancouver Whitecaps FC (4),,
Regular,?,East,East,(Fri) 5 Apr 2013 (W13),Sporting Kansas City (6),1-0,?,D.C. United (5),,
Regular,?,East,West,(Sat) 6 Apr 2013 (W13),Toronto FC (5),2-2,?,FC Dallas (6),,
Regular,?,East,East,(Sat) 6 Apr 2013 (W13),Columbus Crew SC (5),1-1,?,Philadelphia Union (5),,
Regular,?,West,West,(Sat) 6 Apr 2013 (W13),Colorado Rapids (6),1-0,?,Real Salt Lake (6),,
Regular,?,West,West,(Sun) 7 Apr 2013 (W13),San Jose Earthquakes (6),1-1,?,Vancouver Whitecaps FC (5),,
Regular,?,West,East,(Sun) 7 Apr 2013 (W13),Portland Timbers (5),2-0,?,Houston Dynamo (5),,
Regular,?,East,East,(Sun) 7 Apr 2013 (W13),Chicago Fire (5),3-1,?,New York Red Bulls (6),,
Regular,?,West,East,(Sat) 13 Apr 2013 (W14),Seattle Sounders FC (5),0-0,?,New England Revolution (5),,
Regular,?,East,East,(Sat) 13 Apr 2013 (W14),Philadelphia Union (6),1-1,?,Toronto FC (6),,
Regular,?,West,West,(Sat) 13 Apr 2013 (W14),Vancouver Whitecaps FC (6),1-1,?,Real Salt Lake (7),,
Regular,?,East,East,(Sat) 13 Apr 2013 (W14),D.C. United (6),0-2,?,New York Red Bulls (7),,
Regular,?,West,West,(Sat) 13 Apr 2013 (W14),FC Dallas (7),1-0,?,LA Galaxy (5),,
Regular,?,West,West,(Sun) 14 Apr 2013 (W14),CD Chivas USA (6),0-1,?,Colorado Rapids (7),,
Regular,?,East,East,(Sun) 14 Apr 2013 (W14),Montreal Impact (6),1-1,?,Columbus Crew SC (6),,
Regular,?,East,East,(Sun) 14 Apr 2013 (W14),Houston Dynamo (6),2-1,?,Chicago Fire (6),,
Regular,?,West,West,(Mon) 15 Apr 2013 (W15),Portland Timbers (6),1-0,?,San Jose Earthquakes (7),,
Regular,?,East,East,(Wed) 17 Apr 2013 (W15),New York Red Bulls (8),0-1,?,Sporting Kansas City (7),,
Regular,?,East,East,(Sat) 20 Apr 2013 (W15),Toronto FC (7),1-1,?,Houston Dynamo (7),,
Regular,?,West,West,(Sat) 20 Apr 2013 (W15),Colorado Rapids (8),0-1,?,Seattle Sounders FC (6),,
Regular,?,East,East,(Sat) 20 Apr 2013 (W15),New York Red Bulls (9),4-1,?,New England Revolution (6),,
Regular,?,East,East,(Sat) 20 Apr 2013 (W15),Chicago Fire (7),1-0,?,Columbus Crew SC (7),,
Regular,?,West,West,(Sat) 20 Apr 2013 (W15),FC Dallas (8),2-0,?,Vancouver Whitecaps FC (7),,
Regular,?,West,West,(Sat) 20 Apr 2013 (W15),Real Salt Lake (8),1-0,?,CD Chivas USA (7),,
Regular,?,West,East,(Sun) 21 Apr 2013 (W15),LA Galaxy (6),2-0,?,Sporting Kansas City (8),,
Regular,?,East,East,(Sun) 21 Apr 2013 (W15),D.C. United (7),2-3,?,Philadelphia Union (7),,
Regular,?,West,West,(Mon) 22 Apr 2013 (W16),San Jose Earthquakes (8),1-1,?,Portland Timbers (7),,
Regular,?,East,East,(Sat) 27 Apr 2013 (W16),Toronto FC (8),1-2,?,New York Red Bulls (10),,
Regular,?,East,East,(Sat) 27 Apr 2013 (W16),Montreal Impact (7),2-0,?,Chicago Fire (8),,
Regular,?,West,West,(Sat) 27 Apr 2013 (W16),Vancouver Whitecaps FC (8),2-2,?,FC Dallas (9),,
Regular,?,East,East,(Sat) 27 Apr 2013 (W16),New England Revolution (7),2-0,?,Philadelphia Union (8),,
Regular,?,East,East,(Sat) 27 Apr 2013 (W16),Columbus Crew SC (8),3-0,?,D.C. United (8),,
Regular,?,East,West,(Sat) 27 Apr 2013 (W16),Sporting Kansas City (9),2-3,?,Portland Timbers (8),,
Regular,?,West,West,(Sat) 27 Apr 2013 (W16),Real Salt Lake (9),0-2,?,LA Galaxy (7),,
Regular,?,West,West,(Sun) 28 Apr 2013 (W16),CD Chivas USA (8),2-2,?,San Jose Earthquakes (9),,
Regular,?,East,West,(Sun) 28 Apr 2013 (W16),Houston Dynamo (8),1-1,?,Colorado Rapids (9),,
Regular,?,West,East,(Fri) 3 May 2013 (W17),Portland Timbers (9),0-0,?,New England Revolution (8),,
Regular,?,West,East,(Sat) 4 May 2013 (W17),San Jose Earthquakes (10),2-2,?,Montreal Impact (8),,
Regular,?,East,West,(Sat) 4 May 2013 (W17),Philadelphia Union (9),2-2,?,Seattle Sounders FC (7),,
Regular,?,East,East,(Sat) 4 May 2013 (W17),Columbus Crew SC (9),0-1,?,New York Red Bulls (11),,
Regular,?,West,West,(Sat) 4 May 2013 (W17),Real Salt Lake (10),2-0,?,Vancouver Whitecaps FC (9),,
Regular,?,West,East,(Sat) 4 May 2013 (W17),Colorado Rapids (10),1-0,?,Toronto FC (9),,
Regular,?,East,West,(Sun) 5 May 2013 (W17),Sporting Kansas City (10),4-0,?,CD Chivas USA (9),,
Regular,?,West,East,(Mon) 6 May 2013 (W18),LA Galaxy (8),0-1,?,Houston Dynamo (9),,
Regular,?,East,East,(Wed) 8 May 2013 (W18),D.C. United (9),0-4,?,Houston Dynamo (10),,
Regular,?,East,East,(Wed) 8 May 2013 (W18),New York Red Bulls (12),2-1,?,Montreal Impact (9),,
Regular,?,East,West,(Wed) 8 May 2013 (W18),New England Revolution (9),1-2,?,Real Salt Lake (11),,
Regular,?,East,West,(Wed) 8 May 2013 (W18),Sporting Kansas City (11),0-1,?,Seattle Sounders FC (8),,
Regular,?,West,West,(Wed) 8 May 2013 (W18),FC Dallas (10),1-1,?,Portland Timbers (10),,
Regular,?,West,East,(Thu) 9 May 2013 (W18),San Jose Earthquakes (11),2-1,?,Toronto FC (10),,
Regular,?,East,East,(Sat) 11 May 2013 (W18),Chicago Fire (9),0-1,?,Philadelphia Union (10),,
Regular,?,East,West,(Sat) 11 May 2013 (W18),Montreal Impact (10),3-2,?,Real Salt Lake (12),,
Regular,?,West,West,(Sat) 11 May 2013 (W18),Seattle Sounders FC (9),4-0,?,San Jose Earthquakes (12),,
Regular,?,West,West,(Sat) 11 May 2013 (W18),Vancouver Whitecaps FC (10),3-1,?,LA Galaxy (9),,
Regular,?,East,West,(Sat) 11 May 2013 (W18),Columbus Crew SC (10),0-2,?,Colorado Rapids (11),,
Regular,?,East,East,(Sat) 11 May 2013 (W18),New England Revolution (10),1-1,?,New York Red Bulls (13),,
Regular,?,West,East,(Sat) 11 May 2013 (W18),FC Dallas (11),2-1,?,D.C. United (10),,
Regular,?,West,West,(Sun) 12 May 2013 (W18),Portland Timbers (11),3-0,?,CD Chivas USA (10),,
Regular,?,East,East,(Sun) 12 May 2013 (W18),Houston Dynamo (11),0-1,?,Sporting Kansas City (12),,
Regular,?,East,West,(Wed) 15 May 2013 (W19),Philadelphia Union (11),1-4,?,LA Galaxy (10),,
Regular,?,East,East,(Sat) 18 May 2013 (W19),Toronto FC (11),0-1,?,Columbus Crew SC (11),,
Regular,?,West,West,(Sat) 18 May 2013 (W19),Vancouver Whitecaps FC (11),2-2,?,Portland Timbers (12),,
Regular,?,East,East,(Sat) 18 May 2013 (W19),Philadelphia Union (12),1-0,?,Chicago Fire (10),,
Regular,?,East,East,(Sat) 18 May 2013 (W19),Houston Dynamo (12),0-2,?,New England Revolution (11),,
Regular,?,West,West,(Sun) 19 May 2013 (W19),Seattle Sounders FC (10),4-2,?,FC Dallas (12),,
Regular,?,West,West,(Sun) 19 May 2013 (W19),San Jose Earthquakes (13),1-1,?,Colorado Rapids (12),,
Regular,?,East,West,(Sun) 19 May 2013 (W19),New York Red Bulls (14),1-0,?,LA Galaxy (11),,
Regular,?,East,East,(Sun) 19 May 2013 (W19),D.C. United (11),1-1,?,Sporting Kansas City (13),,
Regular,?,West,West,(Mon) 20 May 2013 (W20),CD Chivas USA (11),1-4,?,Real Salt Lake (13),,
Regular,?,East,East,(Sat) 25 May 2013 (W20),Montreal Impact (11),5-3,?,Philadelphia Union (13),,
Regular,?,East,West,(Sat) 25 May 2013 (W20),D.C. United (12),0-2,?,Portland Timbers (13),,
Regular,?,East,East,(Sat) 25 May 2013 (W20),New England Revolution (12),2-0,?,Toronto FC (12),,
Regular,?,West,West,(Sat) 25 May 2013 (W20),FC Dallas (13),1-0,?,San Jose Earthquakes (14),,
Regular,?,West,East,(Sat) 25 May 2013 (W20),Real Salt Lake (14),1-1,?,Chicago Fire (11),,
Regular,?,West,West,(Sat) 25 May 2013 (W20),Colorado Rapids (13),2-0,?,CD Chivas USA (12),,
Regular,?,East,East,(Sun) 26 May 2013 (W20),Sporting Kansas City (14),1-1,?,Houston Dynamo (13),,
Regular,?,East,East,(Sun) 26 May 2013 (W20),New York Red Bulls (15),2-2,?,Columbus Crew SC (12),,
Regular,?,West,West,(Mon) 27 May 2013 (W21),LA Galaxy (12),4-0,?,Seattle Sounders FC (11),,
Regular,?,East,East,(Sat) 1 Jun 2013 (W21),Toronto FC (13),1-1,?,Philadelphia Union (14),,
Regular,?,East,West,(Sat) 1 Jun 2013 (W21),New York Red Bulls (16),1-2,?,Vancouver Whitecaps FC (12),,
Regular,?,East,East,(Sat) 1 Jun 2013 (W21),Columbus Crew SC (13),1-1,?,Houston Dynamo (14),,
Regular,?,East,East,(Sat) 1 Jun 2013 (W21),Sporting Kansas City (15),1-2,?,Montreal Impact (12),,
Regular,?,West,West,(Sat) 1 Jun 2013 (W21),Colorado Rapids (14),2-2,?,FC Dallas (14),,
Regular,?,West,West,(Sat) 1 Jun 2013 (W21),Real Salt Lake (15),3-0,?,San Jose Earthquakes (15),,
Regular,?,West,West,(Sun) 2 Jun 2013 (W21),CD Chivas USA (13),0-2,?,Seattle Sounders FC (12),,
Regular,?,East,West,(Sun) 2 Jun 2013 (W21),New England Revolution (13),5-0,?,LA Galaxy (13),,
Regular,?,East,East,(Sun) 2 Jun 2013 (W21),Chicago Fire (12),2-0,?,D.C. United (13),,
Regular,?,East,East,(Wed) 5 Jun 2013 (W22),Philadelphia Union (15),3-0,?,Columbus Crew SC (14),,
Regular,?,East,East,(Sat) 8 Jun 2013 (W22),New England Revolution (14),0-0,?,D.C. United (14),,
Regular,?,East,West,(Sat) 8 Jun 2013 (W22),Chicago Fire (13),2-2,?,Portland Timbers (14),,
Regular,?,West,West,(Sat) 8 Jun 2013 (W22),Real Salt Lake (16),3-1,?,LA Galaxy (14),,
Regular,?,West,West,(Sun) 9 Jun 2013 (W22),Seattle Sounders FC (13),3-2,?,Vancouver Whitecaps FC (13),,
Regular,?,West,West,(Sat) 15 Jun 2013 (W23),Portland Timbers (15),1-0,?,FC Dallas (15),,
Regular,?,East,East,(Sat) 15 Jun 2013 (W23),D.C. United (15),1-2,?,Toronto FC (14),,
Regular,?,East,East,(Sat) 15 Jun 2013 (W23),Columbus Crew SC (15),2-0,?,Montreal Impact (13),,
Regular,?,West,West,(Sat) 15 Jun 2013 (W23),Colorado Rapids (15),1-2,?,San Jose Earthquakes (16),,
Regular,?,West,East,(Sun) 16 Jun 2013 (W23),Vancouver Whitecaps FC (14),4-3,?,New England Revolution (15),,
Regular,?,East,East,(Wed) 19 Jun 2013 (W24),Montreal Impact (14),2-0,?,Houston Dynamo (15),,
Regular,?,East,West,(Wed) 19 Jun 2013 (W24),Chicago Fire (14),2-1,?,Colorado Rapids (16),,
Regular,?,West,West,(Thu) 20 Jun 2013 (W24),Vancouver Whitecaps FC (15),3-1,?,CD Chivas USA (14),,
Regular,?,West,West,(Thu) 20 Jun 2013 (W24),LA Galaxy (15),0-0,?,Portland Timbers (16),,
Regular,?,East,West,(Sat) 22 Jun 2013 (W24),D.C. United (16),1-0,?,San Jose Earthquakes (17),,
Regular,?,East,East,(Sat) 22 Jun 2013 (W24),Columbus Crew SC (16),1-2,?,Chicago Fire (15),,
Regular,?,West,East,(Sat) 22 Jun 2013 (W24),FC Dallas (16),2-2,?,Sporting Kansas City (16),,
Regular,?,East,East,(Sat) 22 Jun 2013 (W24),Houston Dynamo (16),0-0,?,Toronto FC (15),,
Regular,?,West,West,(Sat) 22 Jun 2013 (W24),Real Salt Lake (17),2-0,?,Seattle Sounders FC (14),,
Regular,?,East,East,(Sun) 23 Jun 2013 (W24),Philadelphia Union (16),3-0,?,New York Red Bulls (17),,
Regular,?,West,West,(Sun) 23 Jun 2013 (W24),Portland Timbers (17),3-0,?,Colorado Rapids (17),,
Regular,?,West,West,(Mon) 24 Jun 2013 (W25),CD Chivas USA (15),0-1,?,LA Galaxy (16),,
Regular,?,East,West,(Sat) 29 Jun 2013 (W25),Toronto FC (16),0-1,?,Real Salt Lake (18),,
Regular,?,East,West,(Sat) 29 Jun 2013 (W25),Philadelphia Union (17),2-2,?,FC Dallas (17),,
Regular,?,East,West,(Sat) 29 Jun 2013 (W25),Montreal Impact (15),3-4,?,Colorado Rapids (18),,
Regular,?,East,West,(Sat) 29 Jun 2013 (W25),D.C. United (17),0-1,?,Vancouver Whitecaps FC (16),,
Regular,?,East,East,(Sat) 29 Jun 2013 (W25),Sporting Kansas City (17),3-2,?,Columbus Crew SC (17),,
Regular,?,West,West,(Sun) 30 Jun 2013 (W25),San Jose Earthquakes (18),3-2,?,LA Galaxy (17),,
Regular,?,West,East,(Sun) 30 Jun 2013 (W25),CD Chivas USA (16),1-1,?,New England Revolution (16),,
Regular,?,East,East,(Sun) 30 Jun 2013 (W25),New York Red Bulls (18),2-0,?,Houston Dynamo (17),,
Regular,?,East,East,(Wed) 3 Jul 2013 (W26),Toronto FC (17),3-3,?,Montreal Impact (16),,
Regular,?,East,West,(Wed) 3 Jul 2013 (W26),Chicago Fire (16),3-2,?,San Jose Earthquakes (19),,
Regular,?,East,West,(Wed) 3 Jul 2013 (W26),Sporting Kansas City (18),1-1,?,Vancouver Whitecaps FC (17),,
Regular,?,West,East,(Thu) 4 Jul 2013 (W26),Real Salt Lake (19),2-2,?,Philadelphia Union (18),,
Regular,?,West,East,(Thu) 4 Jul 2013 (W26),Seattle Sounders FC (15),2-0,?,D.C. United (18),,
Regular,?,West,West,(Thu) 4 Jul 2013 (W26),FC Dallas (18),0-0,?,CD Chivas USA (17),,
Regular,?,West,East,(Thu) 4 Jul 2013 (W26),Colorado Rapids (19),2-0,?,New York Red Bulls (19),,
Regular,?,West,East,(Fri) 5 Jul 2013 (W26),LA Galaxy (18),2-1,?,Columbus Crew SC (18),,
Regular,?,East,West,(Sat) 6 Jul 2013 (W26),New England Revolution (17),2-0,?,San Jose Earthquakes (20),,
Regular,?,East,East,(Sat) 6 Jul 2013 (W26),Houston Dynamo (18),1-0,?,Philadelphia Union (19),,
Regular,?,West,West,(Sun) 7 Jul 2013 (W26),Vancouver Whitecaps FC (18),2-0,?,Seattle Sounders FC (16),,
Regular,?,East,East,(Sun) 7 Jul 2013 (W26),Chicago Fire (17),1-2,?,Sporting Kansas City (19),,
Regular,?,East,West,(Sun) 7 Jul 2013 (W26),Columbus Crew SC (19),1-0,?,Portland Timbers (18),,
Regular,?,East,West,(Sun) 7 Jul 2013 (W26),Montreal Impact (17),1-1,?,CD Chivas USA (18),,
Regular,?,West,East,(Sun) 7 Jul 2013 (W26),Colorado Rapids (20),0-0,?,D.C. United (19),,
Regular,?,West,West,(Mon) 8 Jul 2013 (W27),LA Galaxy (19),2-0,?,FC Dallas (19),,
Regular,?,East,West,(Fri) 12 Jul 2013 (W27),Philadelphia Union (20),3-1,?,CD Chivas USA (19),,
Regular,?,East,East,(Sat) 13 Jul 2013 (W27),New York Red Bulls (20),4-0,?,Montreal Impact (18),,
Regular,?,East,East,(Sat) 13 Jul 2013 (W27),New England Revolution (18),1-2,?,Houston Dynamo (19),,
Regular,?,East,East,(Sat) 13 Jul 2013 (W27),Sporting Kansas City (20),3-0,?,Toronto FC (18),,
Regular,?,West,West,(Sat) 13 Jul 2013 (W27),FC Dallas (20),0-3,?,Real Salt Lake (20),,
Regular,?,West,West,(Sun) 14 Jul 2013 (W27),San Jose Earthquakes (21),1-0,?,Seattle Sounders FC (17),,
Regular,?,West,West,(Sun) 14 Jul 2013 (W27),Portland Timbers (19),2-1,?,LA Galaxy (20),,
Regular,?,West,East,(Sun) 14 Jul 2013 (W27),Vancouver Whitecaps FC (19),3-1,?,Chicago Fire (18),,
Regular,?,West,East,(Wed) 17 Jul 2013 (W28),Colorado Rapids (21),2-1,?,New England Revolution (19),,
Regular,?,West,East,(Thu) 18 Jul 2013 (W28),CD Chivas USA (20),1-0,?,Toronto FC (19),,
Regular,?,East,East,(Sat) 20 Jul 2013 (W28),Toronto FC (20),0-0,?,New York Red Bulls (21),,
Regular,?,West,West,(Sat) 20 Jul 2013 (W28),Seattle Sounders FC (18),1-1,?,Colorado Rapids (22),,
Regular,?,East,West,(Sat) 20 Jul 2013 (W28),Montreal Impact (19),0-0,?,FC Dallas (21),,
Regular,?,East,West,(Sat) 20 Jul 2013 (W28),Philadelphia Union (21),0-0,?,Portland Timbers (20),,
Regular,?,East,East,(Sat) 20 Jul 2013 (W28),Columbus Crew SC (20),0-2,?,New England Revolution (20),,
Regular,?,East,East,(Sat) 20 Jul 2013 (W28),Chicago Fire (19),4-1,?,D.C. United (20),,
Regular,?,West,East,(Sun) 21 Jul 2013 (W28),Real Salt Lake (21),1-2,?,Sporting Kansas City (21),,
Regular,?,West,West,(Sun) 21 Jul 2013 (W28),LA Galaxy (21),2-1,?,Vancouver Whitecaps FC (20),,
Regular,?,East,East,(Sat) 27 Jul 2013 (W29),Toronto FC (21),2-1,?,Columbus Crew SC (21),,
Regular,?,East,East,(Sat) 27 Jul 2013 (W29),Montreal Impact (20),1-0,?,Sporting Kansas City (22),,
Regular,?,West,East,(Sat) 27 Jul 2013 (W29),Vancouver Whitecaps FC (21),0-1,?,Philadelphia Union (22),,
Regular,?,East,West,(Sat) 27 Jul 2013 (W29),New York Red Bulls (22),4-3,?,Real Salt Lake (22),,
Regular,?,East,East,(Sat) 27 Jul 2013 (W29),D.C. United (21),1-2,?,New England Revolution (21),,
Regular,?,West,West,(Sat) 27 Jul 2013 (W29),Colorado Rapids (23),2-0,?,LA Galaxy (22),,
Regular,?,East,East,(Sat) 27 Jul 2013 (W29),Houston Dynamo (20),1-1,?,Chicago Fire (20),,
Regular,?,West,West,(Sun) 28 Jul 2013 (W29),San Jose Earthquakes (22),2-1,?,Portland Timbers (21),,
Regular,?,West,West,(Mon) 29 Jul 2013 (W30),Seattle Sounders FC (19),2-1,?,CD Chivas USA (21),,
Regular,?,East,East,(Sat) 3 Aug 2013 (W30),Sporting Kansas City (23),2-3,?,New York Red Bulls (23),,
Regular,?,East,East,(Sat) 3 Aug 2013 (W30),D.C. United (22),3-1,?,Montreal Impact (21),,
Regular,?,East,East,(Sat) 3 Aug 2013 (W30),Philadelphia Union (23),1-2,?,Chicago Fire (21),,
Regular,?,West,West,(Sat) 3 Aug 2013 (W30),Colorado Rapids (24),2-2,?,Real Salt Lake (23),,
Regular,?,East,East,(Sat) 3 Aug 2013 (W30),Houston Dynamo (21),3-1,?,Columbus Crew SC (22),,
Regular,?,West,West,(Sun) 4 Aug 2013 (W30),San Jose Earthquakes (23),2-0,?,CD Chivas USA (22),,
Regular,?,West,West,(Sun) 4 Aug 2013 (W30),Seattle Sounders FC (20),3-0,?,FC Dallas (22),,
Regular,?,West,West,(Sun) 4 Aug 2013 (W30),Portland Timbers (22),1-1,?,Vancouver Whitecaps FC (22),,
Regular,?,East,East,(Sun) 4 Aug 2013 (W30),New England Revolution (22),0-1,?,Toronto FC (22),,
Regular,?,East,West,(Sat) 10 Aug 2013 (W31),Toronto FC (23),1-2,?,Seattle Sounders FC (21),,
Regular,?,West,West,(Sat) 10 Aug 2013 (W31),Vancouver Whitecaps FC (23),2-0,?,San Jose Earthquakes (24),,
Regular,?,East,East,(Sat) 10 Aug 2013 (W31),Columbus Crew SC (23),2-0,?,New York Red Bulls (24),,
Regular,?,East,East,(Sat) 10 Aug 2013 (W31),Philadelphia Union (24),2-0,?,D.C. United (23),,
Regular,?,East,East,(Sat) 10 Aug 2013 (W31),Sporting Kansas City (24),3-0,?,New England Revolution (23),,
Regular,?,East,East,(Sat) 10 Aug 2013 (W31),Chicago Fire (22),2-1,?,Montreal Impact (22),,
Regular,?,West,East,(Sat) 10 Aug 2013 (W31),Real Salt Lake (24),1-0,?,Houston Dynamo (22),,
Regular,?,West,West,(Sun) 11 Aug 2013 (W31),FC Dallas (23),3-3,?,LA Galaxy (23),,
Regular,?,West,West,(Mon) 12 Aug 2013 (W32),CD Chivas USA (23),1-1,?,Colorado Rapids (25),,
Regular,?,East,East,(Sat) 17 Aug 2013 (W32),Montreal Impact (23),2-1,?,D.C. United (24),,
Regular,?,East,East,(Sat) 17 Aug 2013 (W32),New England Revolution (24),2-0,?,Chicago Fire (23),,
Regular,?,East,East,(Sat) 17 Aug 2013 (W32),Columbus Crew SC (24),2-0,?,Toronto FC (24),,
Regular,?,East,East,(Sat) 17 Aug 2013 (W32),New York Red Bulls (25),0-0,?,Philadelphia Union (25),,
Regular,?,East,West,(Sat) 17 Aug 2013 (W32),Houston Dynamo (23),3-1,?,Seattle Sounders FC (22),,
Regular,?,West,West,(Sat) 17 Aug 2013 (W32),Colorado Rapids (26),2-0,?,Vancouver Whitecaps FC (24),,
Regular,?,West,West,(Sun) 18 Aug 2013 (W32),LA Galaxy (24),4-2,?,Real Salt Lake (25),,
Regular,?,West,West,(Sun) 18 Aug 2013 (W32),Portland Timbers (23),2-1,?,FC Dallas (24),,
Regular,?,West,East,(Mon) 19 Aug 2013 (W33),San Jose Earthquakes (25),1-0,?,Sporting Kansas City (25),,
Regular,?,West,West,(Thu) 22 Aug 2013 (W33),CD Chivas USA (24),1-3,?,FC Dallas (25),,
Regular,?,West,West,(Thu) 22 Aug 2013 (W33),Portland Timbers (24),3-3,?,Real Salt Lake (26),,
Regular,?,East,East,(Fri) 23 Aug 2013 (W33),Chicago Fire (24),1-0,?,Sporting Kansas City (26),,
Regular,?,East,East,(Sat) 24 Aug 2013 (W33),Montreal Impact (24),5-0,?,Houston Dynamo (24),,
Regular,?,East,East,(Sat) 24 Aug 2013 (W33),D.C. United (25),1-1,?,Toronto FC (25),,
Regular,?,West,West,(Sat) 24 Aug 2013 (W33),Vancouver Whitecaps FC (25),0-1,?,LA Galaxy (25),,
Regular,?,West,West,(Sat) 24 Aug 2013 (W33),FC Dallas (26),2-2,?,San Jose Earthquakes (26),,
Regular,?,West,East,(Sat) 24 Aug 2013 (W33),Real Salt Lake (27),4-0,?,Columbus Crew SC (25),,
Regular,?,West,East,(Sun) 25 Aug 2013 (W33),CD Chivas USA (25),3-2,?,New York Red Bulls (26),,
Regular,?,East,East,(Sun) 25 Aug 2013 (W33),New England Revolution (25),5-1,?,Philadelphia Union (26),,
Regular,?,West,West,(Mon) 26 Aug 2013 (W34),Seattle Sounders FC (23),1-0,?,Portland Timbers (25),,
Regular,?,East,East,(Fri) 30 Aug 2013 (W34),Toronto FC (26),1-1,?,New England Revolution (26),,
Regular,?,West,West,(Sat) 31 Aug 2013 (W34),Real Salt Lake (28),4-2,?,Portland Timbers (26),,
Regular,?,East,East,(Sat) 31 Aug 2013 (W34),Philadelphia Union (27),0-0,?,Montreal Impact (25),,
Regular,?,East,East,(Sat) 31 Aug 2013 (W34),New York Red Bulls (27),2-1,?,D.C. United (26),,
Regular,?,East,West,(Sat) 31 Aug 2013 (W34),Sporting Kansas City (27),2-1,?,Colorado Rapids (27),,
Regular,?,East,West,(Sat) 31 Aug 2013 (W34),Columbus Crew SC (26),0-1,?,Seattle Sounders FC (24),,
Regular,?,West,West,(Sun) 1 Sep 2013 (W34),LA Galaxy (26),3-0,?,San Jose Earthquakes (27),,
Regular,?,East,East,(Sun) 1 Sep 2013 (W34),Chicago Fire (25),1-1,?,Houston Dynamo (25),,
Regular,?,West,West,(Sun) 1 Sep 2013 (W34),Vancouver Whitecaps FC (26),2-2,?,CD Chivas USA (26),,
Regular,?,East,East,(Wed) 4 Sep 2013 (W35),Columbus Crew SC (27),2-0,?,Houston Dynamo (26),,
Regular,?,West,West,(Thu) 5 Sep 2013 (W35),Seattle Sounders FC (25),1-0,?,CD Chivas USA (27),,
Regular,?,West,West,(Sat) 7 Sep 2013 (W35),FC Dallas (27),3-1,?,Vancouver Whitecaps FC (27),,
Regular,?,East,East,(Sat) 7 Sep 2013 (W35),Sporting Kansas City (28),3-0,?,Columbus Crew SC (28),,
Regular,?,West,East,(Sun) 8 Sep 2013 (W35),Seattle Sounders FC (26),2-1,?,Chicago Fire (26),,
Regular,?,West,West,(Sun) 8 Sep 2013 (W35),LA Galaxy (27),0-1,?,Colorado Rapids (28),,
Regular,?,West,East,(Sun) 8 Sep 2013 (W35),Portland Timbers (27),4-0,?,Toronto FC (27),,
Regular,?,East,East,(Sun) 8 Sep 2013 (W35),Houston Dynamo (27),1-4,?,New York Red Bulls (28),,
Regular,?,East,East,(Sun) 8 Sep 2013 (W35),New England Revolution (27),2-4,?,Montreal Impact (26),,
Regular,?,West,East,(Sun) 8 Sep 2013 (W35),CD Chivas USA (28),1-0,?,D.C. United (27),,
Regular,?,West,East,(Mon) 9 Sep 2013 (W36),San Jose Earthquakes (28),1-0,?,Philadelphia Union (28),,
Regular,?,East,East,(Wed) 11 Sep 2013 (W36),Toronto FC (28),1-1,?,Chicago Fire (27),,
Regular,?,West,West,(Sat) 14 Sep 2013 (W36),Seattle Sounders FC (27),2-0,?,Real Salt Lake (29),,
Regular,?,East,East,(Sat) 14 Sep 2013 (W36),Montreal Impact (27),1-2,?,Columbus Crew SC (29),,
Regular,?,East,West,(Sat) 14 Sep 2013 (W36),D.C. United (28),2-2,?,LA Galaxy (28),,
Regular,?,East,East,(Sat) 14 Sep 2013 (W36),New York Red Bulls (29),2-0,?,Toronto FC (29),,
Regular,?,East,East,(Sat) 14 Sep 2013 (W36),Philadelphia Union (29),0-1,?,Houston Dynamo (28),,
Regular,?,East,East,(Sat) 14 Sep 2013 (W36),Chicago Fire (28),3-2,?,New England Revolution (28),,
Regular,?,West,West,(Sat) 14 Sep 2013 (W36),Colorado Rapids (29),2-1,?,FC Dallas (28),,
Regular,?,West,West,(Sun) 15 Sep 2013 (W36),CD Chivas USA (29),1-1,?,Portland Timbers (28),,
Regular,?,West,West,(Sun) 15 Sep 2013 (W36),San Jose Earthquakes (29),0-0,?,Vancouver Whitecaps FC (28),,
Regular,?,West,West,(Sat) 21 Sep 2013 (W37),Portland Timbers (29),1-0,?,Colorado Rapids (30),,
Regular,?,East,West,(Sat) 21 Sep 2013 (W37),Montreal Impact (28),0-3,?,Vancouver Whitecaps FC (29),,
Regular,?,East,East,(Sat) 21 Sep 2013 (W37),Toronto FC (30),1-2,?,Sporting Kansas City (29),,
Regular,?,East,East,(Sat) 21 Sep 2013 (W37),New England Revolution (29),2-1,?,D.C. United (29),,
Regular,?,East,East,(Sat) 21 Sep 2013 (W37),Columbus Crew SC (30),3-0,?,Chicago Fire (29),,
Regular,?,East,West,(Sat) 21 Sep 2013 (W37),Houston Dynamo (29),5-1,?,CD Chivas USA (30),,
Regular,?,West,West,(Sat) 21 Sep 2013 (W37),Real Salt Lake (30),1-2,?,San Jose Earthquakes (30),,
Regular,?,West,West,(Sun) 22 Sep 2013 (W37),LA Galaxy (29),1-1,?,Seattle Sounders FC (28),,
Regular,?,East,West,(Sun) 22 Sep 2013 (W37),New York Red Bulls (30),1-0,?,FC Dallas (29),,
Regular,?,East,East,(Fri) 27 Sep 2013 (W38),Sporting Kansas City (30),0-1,?,Philadelphia Union (30),,
Regular,?,East,East,(Sat) 28 Sep 2013 (W38),Toronto FC (31),4-1,?,D.C. United (30),,
Regular,?,West,West,(Sat) 28 Sep 2013 (W38),Vancouver Whitecaps FC (30),0-1,?,Real Salt Lake (31),,
Regular,?,East,East,(Sat) 28 Sep 2013 (W38),New England Revolution (30),1-1,?,Houston Dynamo (30),,
Regular,?,East,East,(Sat) 28 Sep 2013 (W38),Chicago Fire (30),2-2,?,Montreal Impact (29),,
Regular,?,West,West,(Sun) 29 Sep 2013 (W38),Portland Timbers (30),1-0,?,LA Galaxy (30),,
Regular,?,West,East,(Sun) 29 Sep 2013 (W38),FC Dallas (30),2-4,?,Columbus Crew SC (31),,
Regular,?,West,East,(Sun) 29 Sep 2013 (W38),Seattle Sounders FC (29),1-1,?,New York Red Bulls (31),,
Regular,?,West,West,(Mon) 30 Sep 2013 (W39),CD Chivas USA (31),0-1,?,San Jose Earthquakes (31),,
Regular,?,East,East,(Fri) 4 Oct 2013 (W39),D.C. United (31),0-3,?,Chicago Fire (31),,
Regular,?,East,East,(Fri) 4 Oct 2013 (W39),Houston Dynamo (31),1-0,?,Montreal Impact (30),,
Regular,?,East,East,(Sat) 5 Oct 2013 (W39),New York Red Bulls (32),2-2,?,New England Revolution (31),,
Regular,?,East,East,(Sat) 5 Oct 2013 (W39),Columbus Crew SC (32),0-1,?,Sporting Kansas City (31),,
Regular,?,East,East,(Sat) 5 Oct 2013 (W39),Philadelphia Union (31),1-0,?,Toronto FC (32),,
Regular,?,West,West,(Sat) 5 Oct 2013 (W39),Real Salt Lake (32),1-1,?,FC Dallas (31),,
Regular,?,West,West,(Sun) 6 Oct 2013 (W39),Colorado Rapids (31),5-1,?,Seattle Sounders FC (30),,
Regular,?,West,West,(Sun) 6 Oct 2013 (W39),LA Galaxy (31),5-0,?,CD Chivas USA (32),,
Regular,?,West,West,(Sun) 6 Oct 2013 (W39),Vancouver Whitecaps FC (31),2-2,?,Portland Timbers (31),,
Regular,?,East,East,(Wed) 9 Oct 2013 (W40),Houston Dynamo (32),0-0,?,Sporting Kansas City (32),,
Regular,?,West,West,(Thu) 10 Oct 2013 (W40),Seattle Sounders FC (31),1-4,?,Vancouver Whitecaps FC (32),,
Regular,?,West,West,(Thu) 10 Oct 2013 (W40),San Jose Earthquakes (32),1-0,?,Colorado Rapids (32),,
Regular,?,East,East,(Sat) 12 Oct 2013 (W40),Montreal Impact (31),0-1,?,New England Revolution (32),,
Regular,?,East,East,(Sat) 12 Oct 2013 (W40),D.C. United (32),1-1,?,Philadelphia Union (32),,
Regular,?,West,East,(Sat) 12 Oct 2013 (W40),FC Dallas (32),2-3,?,Chicago Fire (32),,
Regular,?,West,West,(Sun) 13 Oct 2013 (W40),Portland Timbers (32),1-0,?,Seattle Sounders FC (32),,
Regular,?,West,East,(Thu) 17 Oct 2013 (W41),LA Galaxy (32),1-0,?,Montreal Impact (32),,
Regular,?,East,East,(Fri) 18 Oct 2013 (W41),Sporting Kansas City (33),1-0,?,D.C. United (33),,
Regular,?,East,East,(Sat) 19 Oct 2013 (W41),Montreal Impact (33),2-1,?,Philadelphia Union (33),,
Regular,?,West,West,(Sat) 19 Oct 2013 (W41),FC Dallas (33),2-0,?,Seattle Sounders FC (33),,
Regular,?,West,West,(Sat) 19 Oct 2013 (W41),Colorado Rapids (33),3-2,?,Vancouver Whitecaps FC (33),,
Regular,?,East,East,(Sat) 19 Oct 2013 (W41),New England Revolution (33),3-2,?,Columbus Crew SC (33),,
Regular,?,East,East,(Sat) 19 Oct 2013 (W41),Chicago Fire (33),1-0,?,Toronto FC (33),,
Regular,?,West,West,(Sun) 20 Oct 2013 (W41),Portland Timbers (33),0-0,?,Real Salt Lake (33),,
Regular,?,East,East,(Sun) 20 Oct 2013 (W41),Houston Dynamo (33),0-3,?,New York Red Bulls (33),,
Regular,?,West,West,(Sun) 20 Oct 2013 (W41),LA Galaxy (33),0-0,?,San Jose Earthquakes (33),,
Regular,?,West,West,(Wed) 23 Oct 2013 (W42),Real Salt Lake (34),2-1,?,CD Chivas USA (33),,
Regular,?,East,East,(Sat) 26 Oct 2013 (W42),Philadelphia Union (34),1-2,?,Sporting Kansas City (34),,
Regular,?,East,East,(Sat) 26 Oct 2013 (W42),Toronto FC (34),1-0,?,Montreal Impact (34),,
Regular,?,West,West,(Sat) 26 Oct 2013 (W42),San Jose Earthquakes (34),2-1,?,FC Dallas (34),,
Regular,?,West,West,(Sun) 27 Oct 2013 (W42),CD Chivas USA (34),0-5,?,Portland Timbers (34),,
Regular,?,East,East,(Sun) 27 Oct 2013 (W42),D.C. United (34),1-2,?,Houston Dynamo (34),,
Regular,?,East,East,(Sun) 27 Oct 2013 (W42),Columbus Crew SC (34),0-1,?,New England Revolution (34),,
Regular,?,East,East,(Sun) 27 Oct 2013 (W42),New York Red Bulls (34),5-2,?,Chicago Fire (34),,
Regular,?,West,West,(Sun) 27 Oct 2013 (W42),Vancouver Whitecaps FC (34),3-0,?,Colorado Rapids (34),,
Regular,?,West,West,(Sun) 27 Oct 2013 (W42),Seattle Sounders FC (34),1-1,?,LA Galaxy (34),,
Playoff,Conf. Knockout,West,West,(Thu) 31 Oct 2013 (W43),Seattle Sounders FC (35),2-0,?,Colorado Rapids (35),,
Playoff,Conf. Knockout,East,East,(Thu) 31 Oct 2013 (W43),Houston Dynamo (35),3-0,?,Montreal Impact (35),,
Playoff,Conf. Semifinals | Leg 1,East,East,(Sat) 2 Nov 2013 (W43),New England Revolution (35),2-1,?,Sporting Kansas City (35),,
Playoff,Conf. Semifinals | Leg 1,West,West,(Sun) 3 Nov 2013 (W43),Seattle Sounders FC (36),1-2,?,Portland Timbers (35),,
Playoff,Conf. Semifinals | Leg 1,East,East,(Sun) 3 Nov 2013 (W43),Houston Dynamo (36),2-2,?,New York Red Bulls (35),,
Playoff,Conf. Semifinals | Leg 1,West,West,(Sun) 3 Nov 2013 (W43),LA Galaxy (35),1-0,?,Real Salt Lake (35),,
Playoff,Conf. Semifinals | Leg 2,East,East,(Wed) 6 Nov 2013 (W44),New York Red Bulls (36),1-1 (*),?,Houston Dynamo (37),1-2 (a.e.t.),
Playoff,Conf. Semifinals | Leg 2,East,East,(Wed) 6 Nov 2013 (W44),Sporting Kansas City (36),2-1 (*),?,New England Revolution (36),3-1 (a.e.t.),
Playoff,Conf. Semifinals | Leg 2,West,West,(Thu) 7 Nov 2013 (W44),Real Salt Lake (36),1-0 (*),?,LA Galaxy (36),2-0 (a.e.t.),
Playoff,Conf. Semifinals | Leg 2,West,West,(Fri) 8 Nov 2013 (W44),Portland Timbers (36),3-2,?,Seattle Sounders FC (37),,
Playoff,Conf. Finals | Leg 1,East,East,(Sat) 9 Nov 2013 (W44),Houston Dynamo (38),0-0,?,Sporting Kansas City (37),,
Playoff,Conf. Finals | Leg 1,West,West,(Sun) 10 Nov 2013 (W44),Real Salt Lake (37),4-2,?,Portland Timbers (37),,
Playoff,Conf. Finals | Leg 2,East,East,(Sat) 23 Nov 2013 (W46),Sporting Kansas City (38),2-1,?,Houston Dynamo (39),,
Playoff,Conf. Finals | Leg 2,West,West,(Sun) 24 Nov 2013 (W46),Portland Timbers (38),0-1,?,Real Salt Lake (38),,
Playoff,Final,East,West,(Sat) 7 Dec 2013 (W48),Sporting Kansas City (39),1-1 (*),?,Real Salt Lake (39),1-1 (a.e.t.),7-6 (pen.)
