Stage,Round,Conf 1,Conf 2,Date,Team 1,FT,HT,Team 2,ET,P
Regular,?,West,East,(Thu) 25 Mar 2010 (W12),Seattle Sounders FC (1),2-0,?,Philadelphia Union (1),,
Regular,?,West,West,(Sat) 27 Mar 2010 (W12),CD Chivas USA (1),0-1,?,Colorado Rapids (1),,
Regular,?,East,East,(Sat) 27 Mar 2010 (W12),Columbus Crew SC (1),2-0,?,Toronto FC (1),,
Regular,?,West,West,(Sat) 27 Mar 2010 (W12),FC Dallas (1),1-1,?,Houston Dynamo (1),,
Regular,?,East,East,(Sat) 27 Mar 2010 (W12),New York Red Bulls (1),1-0,?,Chicago Fire (1),,
Regular,?,East,East,(Sat) 27 Mar 2010 (W12),Sporting Kansas City (1),4-0,?,D.C. United (1),,
Regular,?,West,West,(Sat) 27 Mar 2010 (W12),San Jose Earthquakes (1),0-3,?,Real Salt Lake (1),,
Regular,?,West,East,(Sun) 28 Mar 2010 (W12),LA Galaxy (1),1-0,?,New England Revolution (1),,
Regular,?,West,West,(Thu) 1 Apr 2010 (W13),Houston Dynamo (2),2-1,?,Real Salt Lake (2),,
Regular,?,West,West,(Fri) 2 Apr 2010 (W13),LA Galaxy (2),2-0,?,CD Chivas USA (2),,
Regular,?,West,East,(Sat) 3 Apr 2010 (W13),Colorado Rapids (2),2-2,?,Chicago Fire (2),,
Regular,?,East,East,(Sat) 3 Apr 2010 (W13),D.C. United (2),0-2,?,New England Revolution (2),,
Regular,?,West,East,(Sun) 4 Apr 2010 (W13),Seattle Sounders FC (2),0-1,?,New York Red Bulls (2),,
Regular,?,West,East,(Sat) 10 Apr 2010 (W14),CD Chivas USA (3),2-0,?,New York Red Bulls (3),,
Regular,?,East,East,(Sat) 10 Apr 2010 (W14),Philadelphia Union (2),3-2,?,D.C. United (3),,
Regular,?,East,East,(Sat) 10 Apr 2010 (W14),New England Revolution (3),4-1,?,Toronto FC (2),,
Regular,?,West,East,(Sat) 10 Apr 2010 (W14),FC Dallas (2),2-2,?,Columbus Crew SC (2),,
Regular,?,West,West,(Sat) 10 Apr 2010 (W14),Houston Dynamo (3),0-2,?,LA Galaxy (3),,
Regular,?,East,West,(Sat) 10 Apr 2010 (W14),Sporting Kansas City (2),1-0,?,Colorado Rapids (3),,
Regular,?,East,West,(Sat) 10 Apr 2010 (W14),Chicago Fire (3),1-2,?,San Jose Earthquakes (2),,
Regular,?,West,West,(Sat) 10 Apr 2010 (W14),Real Salt Lake (3),2-2,?,Seattle Sounders FC (3),,
Regular,?,East,East,(Thu) 15 Apr 2010 (W15),Toronto FC (3),2-1,?,Philadelphia Union (3),,
Regular,?,West,East,(Sat) 17 Apr 2010 (W15),Seattle Sounders FC (4),1-0,?,Sporting Kansas City (3),,
Regular,?,West,West,(Sat) 17 Apr 2010 (W15),Houston Dynamo (4),3-0,?,CD Chivas USA (4),,
Regular,?,East,East,(Sat) 17 Apr 2010 (W15),D.C. United (4),0-2,?,Chicago Fire (4),,
Regular,?,East,West,(Sat) 17 Apr 2010 (W15),New York Red Bulls (4),2-1,?,FC Dallas (3),,
Regular,?,West,East,(Sun) 18 Apr 2010 (W15),San Jose Earthquakes (3),2-0,?,New England Revolution (4),,
Regular,?,West,West,(Sun) 18 Apr 2010 (W15),LA Galaxy (4),2-1,?,Real Salt Lake (4),,
Regular,?,West,East,(Sun) 18 Apr 2010 (W15),Colorado Rapids (4),3-1,?,Toronto FC (4),,
Regular,?,West,West,(Thu) 22 Apr 2010 (W16),FC Dallas (4),2-2,?,Seattle Sounders FC (5),,
Regular,?,East,East,(Sat) 24 Apr 2010 (W16),New York Red Bulls (5),2-1,?,Philadelphia Union (4),,
Regular,?,East,West,(Sat) 24 Apr 2010 (W16),Columbus Crew SC (3),1-0,?,Real Salt Lake (5),,
Regular,?,East,West,(Sat) 24 Apr 2010 (W16),New England Revolution (5),1-2,?,Colorado Rapids (5),,
Regular,?,East,West,(Sat) 24 Apr 2010 (W16),Chicago Fire (5),2-0,?,Houston Dynamo (5),,
Regular,?,East,West,(Sat) 24 Apr 2010 (W16),Sporting Kansas City (4),0-0,?,LA Galaxy (5),,
Regular,?,West,West,(Sun) 25 Apr 2010 (W16),CD Chivas USA (5),3-2,?,San Jose Earthquakes (4),,
Regular,?,East,West,(Sun) 25 Apr 2010 (W16),Toronto FC (5),2-0,?,Seattle Sounders FC (6),,
Regular,?,East,East,(Sat) 1 May 2010 (W17),D.C. United (5),0-2,?,New York Red Bulls (6),,
Regular,?,East,West,(Sat) 1 May 2010 (W17),New England Revolution (6),1-1,?,FC Dallas (5),,
Regular,?,West,East,(Sat) 1 May 2010 (W17),Houston Dynamo (6),3-0,?,Sporting Kansas City (5),,
Regular,?,East,West,(Sat) 1 May 2010 (W17),Chicago Fire (6),1-1,?,CD Chivas USA (6),,
Regular,?,West,East,(Sat) 1 May 2010 (W17),Real Salt Lake (6),2-1,?,Toronto FC (6),,
Regular,?,West,West,(Sun) 2 May 2010 (W17),San Jose Earthquakes (5),1-0,?,Colorado Rapids (6),,
Regular,?,West,East,(Sun) 2 May 2010 (W17),LA Galaxy (6),3-1,?,Philadelphia Union (5),,
Regular,?,West,East,(Sun) 2 May 2010 (W17),Seattle Sounders FC (7),1-1,?,Columbus Crew SC (4),,
Regular,?,East,East,(Wed) 5 May 2010 (W18),D.C. United (6),2-1,?,Sporting Kansas City (6),,
Regular,?,East,West,(Wed) 5 May 2010 (W18),New England Revolution (7),0-4,?,CD Chivas USA (7),,
Regular,?,West,West,(Wed) 5 May 2010 (W18),Houston Dynamo (7),0-1,?,FC Dallas (6),,
Regular,?,West,West,(Wed) 5 May 2010 (W18),Colorado Rapids (7),0-1,?,LA Galaxy (7),,
Regular,?,West,West,(Sat) 8 May 2010 (W18),Seattle Sounders FC (8),0-4,?,LA Galaxy (8),,
Regular,?,East,East,(Sat) 8 May 2010 (W18),Toronto FC (7),4-1,?,Chicago Fire (7),,
Regular,?,West,East,(Sat) 8 May 2010 (W18),Real Salt Lake (7),3-0,?,Philadelphia Union (6),,
Regular,?,East,East,(Sat) 8 May 2010 (W18),Columbus Crew SC (5),3-2,?,New England Revolution (8),,
Regular,?,West,East,(Sat) 8 May 2010 (W18),FC Dallas (7),1-0,?,D.C. United (7),,
Regular,?,West,East,(Sun) 9 May 2010 (W18),San Jose Earthquakes (6),4-0,?,New York Red Bulls (7),,
Regular,?,West,West,(Sun) 9 May 2010 (W18),CD Chivas USA (8),0-2,?,Houston Dynamo (8),,
Regular,?,West,West,(Thu) 13 May 2010 (W19),Real Salt Lake (8),3-1,?,Houston Dynamo (9),,
Regular,?,East,West,(Sat) 15 May 2010 (W19),Philadelphia Union (7),1-1,?,FC Dallas (8),,
Regular,?,East,West,(Sat) 15 May 2010 (W19),New England Revolution (9),0-0,?,San Jose Earthquakes (7),,
Regular,?,East,West,(Sat) 15 May 2010 (W19),Columbus Crew SC (6),1-0,?,CD Chivas USA (9),,
Regular,?,East,West,(Sat) 15 May 2010 (W19),D.C. United (8),0-1,?,Colorado Rapids (8),,
Regular,?,East,West,(Sat) 15 May 2010 (W19),New York Red Bulls (8),0-1,?,Seattle Sounders FC (9),,
Regular,?,East,East,(Sat) 15 May 2010 (W19),Sporting Kansas City (7),2-2,?,Chicago Fire (8),,
Regular,?,West,East,(Sun) 16 May 2010 (W19),LA Galaxy (9),0-0,?,Toronto FC (8),,
Regular,?,East,East,(Thu) 20 May 2010 (W20),New York Red Bulls (9),1-3,?,Columbus Crew SC (7),,
Regular,?,West,West,(Thu) 20 May 2010 (W20),FC Dallas (9),0-1,?,LA Galaxy (10),,
Regular,?,East,East,(Sat) 22 May 2010 (W20),Toronto FC (9),1-0,?,New England Revolution (10),,
Regular,?,West,West,(Sat) 22 May 2010 (W20),Seattle Sounders FC (10),0-1,?,San Jose Earthquakes (8),,
Regular,?,West,East,(Sat) 22 May 2010 (W20),Houston Dynamo (10),2-0,?,D.C. United (9),,
Regular,?,West,West,(Sun) 23 May 2010 (W20),CD Chivas USA (10),1-2,?,Real Salt Lake (9),,
Regular,?,East,East,(Sun) 23 May 2010 (W20),Sporting Kansas City (8),0-1,?,Columbus Crew SC (8),,
Regular,?,East,West,(Thu) 27 May 2010 (W21),Chicago Fire (9),1-1,?,FC Dallas (10),,
Regular,?,East,West,(Sat) 29 May 2010 (W21),Columbus Crew SC (9),0-2,?,LA Galaxy (11),,
Regular,?,East,West,(Sat) 29 May 2010 (W21),D.C. United (10),3-2,?,CD Chivas USA (11),,
Regular,?,East,East,(Sat) 29 May 2010 (W21),New England Revolution (11),3-2,?,New York Red Bulls (10),,
Regular,?,West,East,(Sat) 29 May 2010 (W21),Houston Dynamo (11),2-3,?,Philadelphia Union (8),,
Regular,?,West,West,(Sat) 29 May 2010 (W21),Colorado Rapids (9),1-0,?,Seattle Sounders FC (11),,
Regular,?,West,East,(Sat) 29 May 2010 (W21),Real Salt Lake (10),4-1,?,Sporting Kansas City (9),,
Regular,?,West,East,(Sun) 30 May 2010 (W21),San Jose Earthquakes (9),1-3,?,Toronto FC (10),,
Regular,?,East,West,(Wed) 2 Jun 2010 (W22),New York Red Bulls (11),2-1,?,Houston Dynamo (12),,
Regular,?,West,East,(Thu) 3 Jun 2010 (W22),San Jose Earthquakes (10),2-2,?,Columbus Crew SC (10),,
Regular,?,East,East,(Sat) 5 Jun 2010 (W22),Toronto FC (11),0-0,?,Sporting Kansas City (10),,
Regular,?,East,West,(Sat) 5 Jun 2010 (W22),D.C. United (11),0-0,?,Real Salt Lake (11),,
Regular,?,East,West,(Sat) 5 Jun 2010 (W22),New York Red Bulls (12),1-0,?,CD Chivas USA (12),,
Regular,?,West,West,(Sat) 5 Jun 2010 (W22),LA Galaxy (12),4-1,?,Houston Dynamo (13),,
Regular,?,East,East,(Sat) 5 Jun 2010 (W22),Chicago Fire (10),2-1,?,Philadelphia Union (9),,
Regular,?,West,West,(Sat) 5 Jun 2010 (W22),FC Dallas (11),2-0,?,San Jose Earthquakes (11),,
Regular,?,West,East,(Sat) 5 Jun 2010 (W22),Colorado Rapids (10),1-0,?,Columbus Crew SC (11),,
Regular,?,West,East,(Sun) 6 Jun 2010 (W22),Seattle Sounders FC (12),3-0,?,New England Revolution (12),,
Regular,?,East,West,(Wed) 9 Jun 2010 (W23),Chicago Fire (11),2-2,?,Colorado Rapids (11),,
Regular,?,West,West,(Wed) 9 Jun 2010 (W23),Real Salt Lake (12),1-0,?,LA Galaxy (13),,
Regular,?,East,East,(Thu) 10 Jun 2010 (W23),Sporting Kansas City (11),2-0,?,Philadelphia Union (10),,
Regular,?,West,East,(Fri) 11 Jun 2010 (W23),Seattle Sounders FC (13),2-3,?,D.C. United (12),,
Regular,?,West,West,(Fri) 25 Jun 2010 (W25),Real Salt Lake (13),0-0,?,San Jose Earthquakes (12),,
Regular,?,East,East,(Sat) 26 Jun 2010 (W25),Columbus Crew SC (12),2-0,?,D.C. United (13),,
Regular,?,East,West,(Sat) 26 Jun 2010 (W25),Toronto FC (12),0-0,?,LA Galaxy (14),,
Regular,?,West,West,(Sat) 26 Jun 2010 (W25),Houston Dynamo (14),2-2,?,Colorado Rapids (12),,
Regular,?,East,East,(Sat) 26 Jun 2010 (W25),Sporting Kansas City (12),0-3,?,New York Red Bulls (13),,
Regular,?,West,West,(Sun) 27 Jun 2010 (W25),CD Chivas USA (13),1-2,?,FC Dallas (12),,
Regular,?,East,West,(Sun) 27 Jun 2010 (W25),Philadelphia Union (11),3-1,?,Seattle Sounders FC (14),,
Regular,?,East,East,(Sun) 27 Jun 2010 (W25),New England Revolution (13),0-1,?,Chicago Fire (12),,
Regular,?,East,West,(Thu) 1 Jul 2010 (W26),Toronto FC (13),1-1,?,Houston Dynamo (15),,
Regular,?,West,East,(Sat) 3 Jul 2010 (W26),Real Salt Lake (14),5-0,?,New England Revolution (14),,
Regular,?,East,East,(Sat) 3 Jul 2010 (W26),Columbus Crew SC (13),2-1,?,Chicago Fire (13),,
Regular,?,West,East,(Sat) 3 Jul 2010 (W26),FC Dallas (13),1-0,?,Sporting Kansas City (13),,
Regular,?,West,East,(Sun) 4 Jul 2010 (W26),San Jose Earthquakes (13),1-1,?,D.C. United (14),,
Regular,?,West,East,(Sun) 4 Jul 2010 (W26),CD Chivas USA (14),1-1,?,Philadelphia Union (12),,
Regular,?,West,East,(Sun) 4 Jul 2010 (W26),Colorado Rapids (13),1-1,?,New York Red Bulls (14),,
Regular,?,West,West,(Mon) 5 Jul 2010 (W27),LA Galaxy (15),3-1,?,Seattle Sounders FC (15),,
Regular,?,East,West,(Thu) 8 Jul 2010 (W27),Chicago Fire (14),0-1,?,Real Salt Lake (15),,
Regular,?,East,West,(Sat) 10 Jul 2010 (W27),Toronto FC (14),1-0,?,Colorado Rapids (14),,
Regular,?,East,West,(Sat) 10 Jul 2010 (W27),Philadelphia Union (13),1-2,?,San Jose Earthquakes (14),,
Regular,?,East,East,(Sat) 10 Jul 2010 (W27),New York Red Bulls (15),0-0,?,D.C. United (15),,
Regular,?,East,West,(Sat) 10 Jul 2010 (W27),New England Revolution (15),2-0,?,LA Galaxy (16),,
Regular,?,West,East,(Sat) 10 Jul 2010 (W27),Houston Dynamo (16),0-0,?,Columbus Crew SC (14),,
Regular,?,East,West,(Sat) 10 Jul 2010 (W27),Sporting Kansas City (14),0-2,?,CD Chivas USA (15),,
Regular,?,West,West,(Mon) 12 Jul 2010 (W28),Seattle Sounders FC (16),1-1,?,FC Dallas (14),,
Regular,?,East,East,(Wed) 14 Jul 2010 (W28),Columbus Crew SC (15),0-1,?,Sporting Kansas City (15),,
Regular,?,East,West,(Thu) 15 Jul 2010 (W28),D.C. United (16),0-1,?,Seattle Sounders FC (17),,
Regular,?,East,East,(Sat) 17 Jul 2010 (W28),Philadelphia Union (14),2-1,?,Toronto FC (15),,
Regular,?,East,East,(Sat) 17 Jul 2010 (W28),Columbus Crew SC (16),2-0,?,New York Red Bulls (16),,
Regular,?,West,West,(Sat) 17 Jul 2010 (W28),FC Dallas (15),2-0,?,Real Salt Lake (16),,
Regular,?,West,East,(Sat) 17 Jul 2010 (W28),Colorado Rapids (15),1-1,?,Sporting Kansas City (16),,
Regular,?,East,West,(Sun) 18 Jul 2010 (W28),D.C. United (17),1-2,?,LA Galaxy (17),,
Regular,?,West,West,(Fri) 23 Jul 2010 (W29),LA Galaxy (18),2-2,?,San Jose Earthquakes (15),,
Regular,?,East,West,(Sat) 24 Jul 2010 (W29),Toronto FC (16),1-1,?,FC Dallas (16),,
Regular,?,East,West,(Sat) 24 Jul 2010 (W29),Columbus Crew SC (17),3-0,?,Houston Dynamo (17),,
Regular,?,West,West,(Sun) 25 Jul 2010 (W29),Real Salt Lake (17),1-1,?,CD Chivas USA (16),,
Regular,?,West,West,(Mon) 26 Jul 2010 (W30),Seattle Sounders FC (18),2-1,?,Colorado Rapids (16),,
Regular,?,East,East,(Sat) 31 Jul 2010 (W30),Philadelphia Union (15),1-1,?,New England Revolution (16),,
Regular,?,West,West,(Sat) 31 Jul 2010 (W30),Colorado Rapids (17),1-1,?,FC Dallas (17),,
Regular,?,West,East,(Sat) 31 Jul 2010 (W30),Houston Dynamo (18),2-2,?,New York Red Bulls (17),,
Regular,?,East,East,(Sat) 31 Jul 2010 (W30),Sporting Kansas City (17),1-0,?,Toronto FC (17),,
Regular,?,West,East,(Sat) 31 Jul 2010 (W30),Real Salt Lake (18),3-0,?,D.C. United (18),,
Regular,?,West,West,(Sun) 1 Aug 2010 (W30),San Jose Earthquakes (16),0-1,?,Seattle Sounders FC (19),,
Regular,?,West,East,(Sun) 1 Aug 2010 (W30),CD Chivas USA (17),3-1,?,Columbus Crew SC (18),,
Regular,?,West,East,(Sun) 1 Aug 2010 (W30),LA Galaxy (19),2-3,?,Chicago Fire (15),,
Regular,?,East,East,(Thu) 5 Aug 2010 (W31),Philadelphia Union (16),1-2,?,Columbus Crew SC (19),,
Regular,?,East,West,(Sat) 7 Aug 2010 (W31),Toronto FC (18),2-1,?,CD Chivas USA (18),,
Regular,?,East,East,(Sat) 7 Aug 2010 (W31),New England Revolution (17),1-0,?,D.C. United (19),,
Regular,?,East,West,(Sat) 7 Aug 2010 (W31),Sporting Kansas City (18),1-1,?,Real Salt Lake (19),,
Regular,?,West,West,(Sat) 7 Aug 2010 (W31),Colorado Rapids (18),1-0,?,San Jose Earthquakes (17),,
Regular,?,West,East,(Sun) 8 Aug 2010 (W31),FC Dallas (18),3-1,?,Philadelphia Union (17),,
Regular,?,East,East,(Sun) 8 Aug 2010 (W31),Chicago Fire (16),0-0,?,New York Red Bulls (18),,
Regular,?,West,West,(Mon) 9 Aug 2010 (W32),Seattle Sounders FC (20),2-0,?,Houston Dynamo (19),,
Regular,?,East,East,(Wed) 11 Aug 2010 (W32),New York Red Bulls (19),1-0,?,Toronto FC (19),,
Regular,?,East,West,(Wed) 11 Aug 2010 (W32),Philadelphia Union (18),1-1,?,Real Salt Lake (20),,
Regular,?,East,West,(Sat) 14 Aug 2010 (W32),Philadelphia Union (19),1-1,?,Colorado Rapids (19),,
Regular,?,East,West,(Sat) 14 Aug 2010 (W32),New York Red Bulls (20),0-1,?,LA Galaxy (20),,
Regular,?,East,West,(Sat) 14 Aug 2010 (W32),D.C. United (20),1-3,?,FC Dallas (19),,
Regular,?,East,West,(Sat) 14 Aug 2010 (W32),New England Revolution (18),1-0,?,Houston Dynamo (20),,
Regular,?,West,East,(Sat) 14 Aug 2010 (W32),Real Salt Lake (21),2-0,?,Columbus Crew SC (20),,
Regular,?,West,East,(Sun) 15 Aug 2010 (W32),San Jose Earthquakes (18),1-0,?,Sporting Kansas City (19),,
Regular,?,West,West,(Sun) 15 Aug 2010 (W32),CD Chivas USA (19),0-0,?,Seattle Sounders FC (21),,
Regular,?,East,East,(Wed) 18 Aug 2010 (W33),Chicago Fire (17),2-1,?,New England Revolution (19),,
Regular,?,East,East,(Sat) 21 Aug 2010 (W33),Toronto FC (20),1-4,?,New York Red Bulls (21),,
Regular,?,West,West,(Sat) 21 Aug 2010 (W33),San Jose Earthquakes (19),1-0,?,LA Galaxy (21),,
Regular,?,East,West,(Sat) 21 Aug 2010 (W33),Columbus Crew SC (21),3-1,?,Colorado Rapids (20),,
Regular,?,West,West,(Sat) 21 Aug 2010 (W33),FC Dallas (20),1-0,?,CD Chivas USA (20),,
Regular,?,East,East,(Sat) 21 Aug 2010 (W33),Sporting Kansas City (20),4-1,?,New England Revolution (20),,
Regular,?,West,East,(Sat) 21 Aug 2010 (W33),Houston Dynamo (21),4-3,?,Chicago Fire (18),,
Regular,?,East,East,(Sun) 22 Aug 2010 (W33),D.C. United (21),2-0,?,Philadelphia Union (20),,
Regular,?,East,West,(Sat) 28 Aug 2010 (W34),Columbus Crew SC (22),0-0,?,FC Dallas (21),,
Regular,?,East,West,(Sat) 28 Aug 2010 (W34),Toronto FC (21),0-0,?,Real Salt Lake (22),,
Regular,?,East,East,(Sat) 28 Aug 2010 (W34),New England Revolution (21),1-2,?,Philadelphia Union (21),,
Regular,?,East,West,(Sat) 28 Aug 2010 (W34),New York Red Bulls (22),2-0,?,San Jose Earthquakes (20),,
Regular,?,West,West,(Sat) 28 Aug 2010 (W34),Colorado Rapids (21),3-0,?,Houston Dynamo (22),,
Regular,?,West,East,(Sun) 29 Aug 2010 (W34),LA Galaxy (22),0-2,?,Sporting Kansas City (21),,
Regular,?,West,East,(Sun) 29 Aug 2010 (W34),Seattle Sounders FC (22),2-1,?,Chicago Fire (19),,
Regular,?,West,East,(Mon) 30 Aug 2010 (W35),CD Chivas USA (21),1-0,?,D.C. United (22),,
Regular,?,East,East,(Sat) 4 Sep 2010 (W35),Philadelphia Union (22),1-1,?,Sporting Kansas City (22),,
Regular,?,East,West,(Sat) 4 Sep 2010 (W35),Chicago Fire (20),1-1,?,LA Galaxy (23),,
Regular,?,East,East,(Sat) 4 Sep 2010 (W35),D.C. United (23),0-1,?,Columbus Crew SC (23),,
Regular,?,East,West,(Sat) 4 Sep 2010 (W35),New England Revolution (22),3-1,?,Seattle Sounders FC (23),,
Regular,?,West,East,(Sat) 4 Sep 2010 (W35),FC Dallas (22),1-0,?,Toronto FC (22),,
Regular,?,West,East,(Sat) 4 Sep 2010 (W35),Real Salt Lake (23),1-0,?,New York Red Bulls (23),,
Regular,?,West,West,(Sat) 4 Sep 2010 (W35),Colorado Rapids (22),3-0,?,CD Chivas USA (22),,
Regular,?,West,West,(Sun) 5 Sep 2010 (W35),Houston Dynamo (23),1-2,?,San Jose Earthquakes (21),,
Regular,?,East,East,(Wed) 8 Sep 2010 (W36),Chicago Fire (21),0-0,?,Toronto FC (23),,
Regular,?,West,West,(Fri) 10 Sep 2010 (W36),Seattle Sounders FC (24),0-0,?,Real Salt Lake (24),,
Regular,?,West,East,(Sat) 11 Sep 2010 (W36),CD Chivas USA (23),2-0,?,New England Revolution (23),,
Regular,?,East,East,(Sat) 11 Sep 2010 (W36),Toronto FC (24),0-1,?,D.C. United (24),,
Regular,?,East,West,(Sat) 11 Sep 2010 (W36),New York Red Bulls (24),3-1,?,Colorado Rapids (23),,
Regular,?,East,East,(Sat) 11 Sep 2010 (W36),Philadelphia Union (23),1-0,?,Chicago Fire (22),,
Regular,?,West,West,(Sun) 12 Sep 2010 (W36),San Jose Earthquakes (22),0-0,?,FC Dallas (23),,
Regular,?,West,East,(Sun) 12 Sep 2010 (W36),LA Galaxy (24),3-1,?,Columbus Crew SC (24),,
Regular,?,West,East,(Thu) 16 Sep 2010 (W37),San Jose Earthquakes (23),1-0,?,Philadelphia Union (24),,
Regular,?,West,East,(Thu) 16 Sep 2010 (W37),FC Dallas (24),2-2,?,New York Red Bulls (25),,
Regular,?,West,East,(Sat) 18 Sep 2010 (W37),Real Salt Lake (25),1-0,?,Chicago Fire (23),,
Regular,?,East,West,(Sat) 18 Sep 2010 (W37),Columbus Crew SC (25),0-4,?,Seattle Sounders FC (25),,
Regular,?,West,East,(Sat) 18 Sep 2010 (W37),Houston Dynamo (24),1-2,?,Toronto FC (25),,
Regular,?,West,East,(Sat) 18 Sep 2010 (W37),Colorado Rapids (24),3-0,?,New England Revolution (24),,
Regular,?,West,East,(Sun) 19 Sep 2010 (W37),LA Galaxy (25),2-1,?,D.C. United (25),,
Regular,?,West,East,(Sun) 19 Sep 2010 (W37),CD Chivas USA (24),0-2,?,Sporting Kansas City (23),,
Regular,?,East,West,(Wed) 22 Sep 2010 (W38),Sporting Kansas City (24),4-3,?,Houston Dynamo (25),,
Regular,?,West,East,(Wed) 22 Sep 2010 (W38),FC Dallas (25),2-2,?,New England Revolution (25),,
Regular,?,West,East,(Sat) 25 Sep 2010 (W38),LA Galaxy (26),0-2,?,New York Red Bulls (26),,
Regular,?,East,West,(Sat) 25 Sep 2010 (W38),Philadelphia Union (25),3-0,?,CD Chivas USA (25),,
Regular,?,East,West,(Sat) 25 Sep 2010 (W38),Toronto FC (26),2-3,?,San Jose Earthquakes (24),,
Regular,?,East,West,(Sat) 25 Sep 2010 (W38),D.C. United (26),1-3,?,Houston Dynamo (26),,
Regular,?,East,East,(Sat) 25 Sep 2010 (W38),New England Revolution (26),2-2,?,Columbus Crew SC (26),,
Regular,?,East,West,(Sat) 25 Sep 2010 (W38),Chicago Fire (24),0-1,?,Seattle Sounders FC (26),,
Regular,?,East,West,(Sat) 25 Sep 2010 (W38),Sporting Kansas City (25),1-3,?,FC Dallas (26),,
Regular,?,West,West,(Sun) 26 Sep 2010 (W38),Real Salt Lake (26),1-1,?,Colorado Rapids (25),,
Regular,?,West,East,(Wed) 29 Sep 2010 (W39),Colorado Rapids (26),4-1,?,Philadelphia Union (26),,
Regular,?,West,East,(Thu) 30 Sep 2010 (W39),San Jose Earthquakes (25),0-3,?,Chicago Fire (25),,
Regular,?,West,East,(Sat) 2 Oct 2010 (W39),Seattle Sounders FC (27),3-2,?,Toronto FC (27),,
Regular,?,East,West,(Sat) 2 Oct 2010 (W39),Philadelphia Union (27),1-1,?,Houston Dynamo (27),,
Regular,?,East,West,(Sat) 2 Oct 2010 (W39),Columbus Crew SC (27),0-0,?,San Jose Earthquakes (26),,
Regular,?,East,West,(Sat) 2 Oct 2010 (W39),New England Revolution (27),1-2,?,Real Salt Lake (27),,
Regular,?,East,East,(Sat) 2 Oct 2010 (W39),New York Red Bulls (27),1-0,?,Sporting Kansas City (26),,
Regular,?,West,East,(Sat) 2 Oct 2010 (W39),FC Dallas (27),3-0,?,Chicago Fire (26),,
Regular,?,West,East,(Sat) 2 Oct 2010 (W39),Colorado Rapids (27),0-1,?,D.C. United (27),,
Regular,?,West,West,(Sun) 3 Oct 2010 (W39),CD Chivas USA (26),1-2,?,LA Galaxy (27),,
Regular,?,East,West,(Thu) 7 Oct 2010 (W40),Philadelphia Union (28),0-1,?,LA Galaxy (28),,
Regular,?,East,East,(Fri) 8 Oct 2010 (W40),Chicago Fire (27),2-0,?,Columbus Crew SC (28),,
Regular,?,East,West,(Sat) 9 Oct 2010 (W40),New York Red Bulls (28),0-0,?,Real Salt Lake (28),,
Regular,?,West,West,(Sat) 9 Oct 2010 (W40),FC Dallas (28),2-2,?,Colorado Rapids (28),,
Regular,?,East,West,(Sat) 9 Oct 2010 (W40),D.C. United (28),0-2,?,San Jose Earthquakes (27),,
Regular,?,East,West,(Sat) 9 Oct 2010 (W40),Sporting Kansas City (27),1-2,?,Seattle Sounders FC (28),,
Regular,?,West,East,(Sun) 10 Oct 2010 (W40),CD Chivas USA (27),3-0,?,Toronto FC (28),,
Regular,?,West,East,(Sun) 10 Oct 2010 (W40),Houston Dynamo (28),1-2,?,New England Revolution (28),,
Regular,?,East,East,(Tue) 12 Oct 2010 (W41),Chicago Fire (28),0-2,?,Sporting Kansas City (28),,
Regular,?,West,West,(Sat) 16 Oct 2010 (W41),Seattle Sounders FC (29),2-1,?,CD Chivas USA (28),,
Regular,?,East,East,(Sat) 16 Oct 2010 (W41),Chicago Fire (29),0-0,?,D.C. United (29),,
Regular,?,East,East,(Sat) 16 Oct 2010 (W41),Toronto FC (29),2-2,?,Columbus Crew SC (29),,
Regular,?,East,East,(Sat) 16 Oct 2010 (W41),Philadelphia Union (29),2-1,?,New York Red Bulls (29),,
Regular,?,East,East,(Sat) 16 Oct 2010 (W41),New England Revolution (29),1-0,?,Sporting Kansas City (29),,
Regular,?,West,West,(Sat) 16 Oct 2010 (W41),Real Salt Lake (29),2-0,?,FC Dallas (29),,
Regular,?,West,West,(Sun) 17 Oct 2010 (W41),San Jose Earthquakes (28),0-1,?,Houston Dynamo (29),,
Regular,?,West,West,(Sun) 17 Oct 2010 (W41),LA Galaxy (29),1-3,?,Colorado Rapids (29),,
Regular,?,West,West,(Thu) 21 Oct 2010 (W42),San Jose Earthquakes (29),3-0,?,CD Chivas USA (29),,
Regular,?,East,East,(Thu) 21 Oct 2010 (W42),New York Red Bulls (30),2-0,?,New England Revolution (30),,
Regular,?,West,West,(Sat) 23 Oct 2010 (W42),Houston Dynamo (30),2-1,?,Seattle Sounders FC (30),,
Regular,?,East,East,(Sat) 23 Oct 2010 (W42),D.C. United (30),2-3,?,Toronto FC (30),,
Regular,?,East,West,(Sat) 23 Oct 2010 (W42),Sporting Kansas City (30),4-1,?,San Jose Earthquakes (30),,
Regular,?,West,West,(Sat) 23 Oct 2010 (W42),Colorado Rapids (30),2-2,?,Real Salt Lake (30),,
Regular,?,West,East,(Sun) 24 Oct 2010 (W42),CD Chivas USA (30),1-4,?,Chicago Fire (30),,
Regular,?,East,East,(Sun) 24 Oct 2010 (W42),Columbus Crew SC (30),3-1,?,Philadelphia Union (30),,
Regular,?,West,West,(Sun) 24 Oct 2010 (W42),LA Galaxy (30),2-1,?,FC Dallas (30),,
Playoff,Conf. Semifinals | Leg 1,West,East,(Thu) 28 Oct 2010 (W43),Colorado Rapids (31),1-0,?,Columbus Crew SC (31),,
Playoff,Conf. Semifinals | Leg 1,West,West,(Sat) 30 Oct 2010 (W43),FC Dallas (31),2-1,?,Real Salt Lake (31),,
Playoff,Conf. Semifinals | Leg 1,West,East,(Sun) 31 Oct 2010 (W43),San Jose Earthquakes (31),0-1,?,New York Red Bulls (31),,
Playoff,Conf. Semifinals | Leg 1,West,West,(Sun) 31 Oct 2010 (W43),Seattle Sounders FC (31),0-1,?,LA Galaxy (31),,
Playoff,Conf. Semifinals | Leg 2,East,West,(Thu) 4 Nov 2010 (W44),New York Red Bulls (32),1-3,?,San Jose Earthquakes (32),,
Playoff,Conf. Semifinals | Leg 2,East,West,(Sat) 6 Nov 2010 (W44),Columbus Crew SC (32),2-1 (*),?,Colorado Rapids (32),2-1 (a.e.t.),4-5 (pen.)
Playoff,Conf. Semifinals | Leg 2,West,West,(Sun) 7 Nov 2010 (W44),Real Salt Lake (32),1-1,?,FC Dallas (32),,
Playoff,Conf. Semifinals | Leg 2,West,West,(Sun) 7 Nov 2010 (W44),LA Galaxy (32),2-1,?,Seattle Sounders FC (32),,
Playoff,Conf. Finals,West,West,(Sat) 13 Nov 2010 (W45),Colorado Rapids (33),1-0,?,San Jose Earthquakes (33),,
Playoff,Conf. Finals,West,West,(Sun) 14 Nov 2010 (W45),LA Galaxy (33),0-3,?,FC Dallas (33),,
Playoff,Final,West,West,(Sun) 21 Nov 2010 (W46),Colorado Rapids (34),1-1 (*),?,FC Dallas (34),2-1 (a.e.t.),
