Stage,Round,Conf 1,Conf 2,Date,Team 1,FT,HT,Team 2,ET,P
Regular,?,West,East,(Fri) 6 Mar 2015 (W9),LA Galaxy (1),2-0,?,Chicago Fire (1),,
Regular,?,East,East,(Sat) 7 Mar 2015 (W9),D.C. United (1),1-0,?,Montreal Impact (1),,
Regular,?,East,West,(Sat) 7 Mar 2015 (W9),Philadelphia Union (1),0-0,?,Colorado Rapids (1),,
Regular,?,West,East,(Sat) 7 Mar 2015 (W9),Vancouver Whitecaps FC (1),1-3,?,Toronto FC (1),,
Regular,?,West,West,(Sat) 7 Mar 2015 (W9),FC Dallas (1),1-0,?,San Jose Earthquakes (1),,
Regular,?,West,East,(Sat) 7 Mar 2015 (W9),Houston Dynamo (1),1-0,?,Columbus Crew SC (1),,
Regular,?,West,West,(Sat) 7 Mar 2015 (W9),Portland Timbers (1),0-0,?,Real Salt Lake (1),,
Regular,?,East,East,(Sun) 8 Mar 2015 (W9),Orlando City SC (1),1-1,?,New York City FC (1),,
Regular,?,West,East,(Sun) 8 Mar 2015 (W9),Sporting Kansas City (1),1-1,?,New York Red Bulls (1),,
Regular,?,West,East,(Sun) 8 Mar 2015 (W9),Seattle Sounders FC (1),3-0,?,New England Revolution (1),,
Regular,?,West,East,(Fri) 13 Mar 2015 (W10),Houston Dynamo (2),0-1,?,Orlando City SC (2),,
Regular,?,East,West,(Sat) 14 Mar 2015 (W10),Chicago Fire (2),0-1,?,Vancouver Whitecaps FC (2),,
Regular,?,East,East,(Sat) 14 Mar 2015 (W10),Columbus Crew SC (2),2-0,?,Toronto FC (2),,
Regular,?,West,West,(Sat) 14 Mar 2015 (W10),FC Dallas (2),3-1,?,Sporting Kansas City (2),,
Regular,?,West,East,(Sat) 14 Mar 2015 (W10),Real Salt Lake (2),3-3,?,Philadelphia Union (2),,
Regular,?,West,West,(Sat) 14 Mar 2015 (W10),Seattle Sounders FC (2),2-3,?,San Jose Earthquakes (2),,
Regular,?,East,East,(Sun) 15 Mar 2015 (W10),New York City FC (2),2-0,?,New England Revolution (2),,
Regular,?,West,West,(Sun) 15 Mar 2015 (W10),Portland Timbers (2),2-2,?,LA Galaxy (2),,
Regular,?,East,East,(Sat) 21 Mar 2015 (W11),New England Revolution (3),0-0,?,Montreal Impact (2),,
Regular,?,West,East,(Sat) 21 Mar 2015 (W11),Colorado Rapids (2),0-0,?,New York City FC (3),,
Regular,?,East,West,(Sat) 21 Mar 2015 (W11),Philadelphia Union (3),0-2,?,FC Dallas (3),,
Regular,?,East,West,(Sat) 21 Mar 2015 (W11),Orlando City SC (3),0-1,?,Vancouver Whitecaps FC (3),,
Regular,?,West,West,(Sat) 21 Mar 2015 (W11),Sporting Kansas City (3),0-0,?,Portland Timbers (3),,
Regular,?,West,West,(Sat) 21 Mar 2015 (W11),LA Galaxy (3),1-1,?,Houston Dynamo (3),,
Regular,?,East,East,(Sun) 22 Mar 2015 (W11),New York Red Bulls (2),2-0,?,D.C. United (2),,
Regular,?,West,East,(Sun) 22 Mar 2015 (W11),San Jose Earthquakes (3),2-1,?,Chicago Fire (3),,
Regular,?,East,West,(Sat) 28 Mar 2015 (W12),New England Revolution (4),2-1,?,San Jose Earthquakes (4),,
Regular,?,East,East,(Sat) 28 Mar 2015 (W12),Montreal Impact (3),2-2,?,Orlando City SC (4),,
Regular,?,East,West,(Sat) 28 Mar 2015 (W12),New York City FC (4),0-1,?,Sporting Kansas City (4),,
Regular,?,East,West,(Sat) 28 Mar 2015 (W12),D.C. United (3),1-0,?,LA Galaxy (4),,
Regular,?,East,East,(Sat) 28 Mar 2015 (W12),Columbus Crew SC (3),1-2,?,New York Red Bulls (3),,
Regular,?,West,West,(Sat) 28 Mar 2015 (W12),Vancouver Whitecaps FC (4),2-1,?,Portland Timbers (4),,
Regular,?,West,West,(Sat) 28 Mar 2015 (W12),FC Dallas (4),0-0,?,Seattle Sounders FC (3),,
Regular,?,West,West,(Sat) 28 Mar 2015 (W12),Houston Dynamo (4),0-0,?,Colorado Rapids (3),,
Regular,?,East,East,(Sun) 29 Mar 2015 (W12),Chicago Fire (4),1-0,?,Philadelphia Union (4),,
Regular,?,West,East,(Sun) 29 Mar 2015 (W12),Real Salt Lake (3),2-1,?,Toronto FC (3),,
Regular,?,East,East,(Fri) 3 Apr 2015 (W13),Orlando City SC (5),0-1,?,D.C. United (4),,
Regular,?,East,East,(Sat) 4 Apr 2015 (W13),Chicago Fire (5),3-2,?,Toronto FC (4),,
Regular,?,West,East,(Sat) 4 Apr 2015 (W13),Colorado Rapids (4),0-2,?,New England Revolution (5),,
Regular,?,West,West,(Sat) 4 Apr 2015 (W13),Vancouver Whitecaps FC (5),2-0,?,LA Galaxy (5),,
Regular,?,West,West,(Sat) 4 Apr 2015 (W13),Seattle Sounders FC (4),1-0,?,Houston Dynamo (5),,
Regular,?,West,West,(Sat) 4 Apr 2015 (W13),Portland Timbers (5),3-1,?,FC Dallas (5),,
Regular,?,West,West,(Sun) 5 Apr 2015 (W13),San Jose Earthquakes (5),0-1,?,Real Salt Lake (4),,
Regular,?,West,East,(Sun) 5 Apr 2015 (W13),Sporting Kansas City (5),3-2,?,Philadelphia Union (5),,
Regular,?,West,East,(Wed) 8 Apr 2015 (W14),Vancouver Whitecaps FC (6),2-2,?,Columbus Crew SC (4),,
Regular,?,West,West,(Fri) 10 Apr 2015 (W14),FC Dallas (6),0-4,?,Colorado Rapids (5),,
Regular,?,East,East,(Sat) 11 Apr 2015 (W14),New England Revolution (6),0-0,?,Columbus Crew SC (5),,
Regular,?,East,East,(Sat) 11 Apr 2015 (W14),Philadelphia Union (6),2-1,?,New York City FC (5),,
Regular,?,East,East,(Sat) 11 Apr 2015 (W14),D.C. United (5),2-2,?,New York Red Bulls (4),,
Regular,?,West,West,(Sat) 11 Apr 2015 (W14),Sporting Kansas City (6),0-0,?,Real Salt Lake (5),,
Regular,?,West,East,(Sat) 11 Apr 2015 (W14),Houston Dynamo (6),3-0,?,Montreal Impact (4),,
Regular,?,West,West,(Sat) 11 Apr 2015 (W14),San Jose Earthquakes (6),1-0,?,Vancouver Whitecaps FC (7),,
Regular,?,West,East,(Sun) 12 Apr 2015 (W14),Portland Timbers (6),0-2,?,Orlando City SC (6),,
Regular,?,West,West,(Sun) 12 Apr 2015 (W14),LA Galaxy (6),1-0,?,Seattle Sounders FC (5),,
Regular,?,East,East,(Thu) 16 Apr 2015 (W15),New York City FC (6),1-1,?,Philadelphia Union (7),,
Regular,?,East,West,(Fri) 17 Apr 2015 (W15),New York Red Bulls (5),2-0,?,San Jose Earthquakes (7),,
Regular,?,East,West,(Sat) 18 Apr 2015 (W15),D.C. United (6),1-1,?,Houston Dynamo (7),,
Regular,?,East,East,(Sat) 18 Apr 2015 (W15),Columbus Crew SC (6),3-0,?,Orlando City SC (7),,
Regular,?,West,East,(Sat) 18 Apr 2015 (W15),FC Dallas (7),3-2,?,Toronto FC (5),,
Regular,?,West,West,(Sat) 18 Apr 2015 (W15),Colorado Rapids (6),1-3,?,Seattle Sounders FC (6),,
Regular,?,West,West,(Sat) 18 Apr 2015 (W15),Real Salt Lake (6),0-1,?,Vancouver Whitecaps FC (8),,
Regular,?,West,West,(Sat) 18 Apr 2015 (W15),LA Galaxy (7),2-1,?,Sporting Kansas City (7),,
Regular,?,East,East,(Sun) 19 Apr 2015 (W15),Philadelphia Union (8),1-2,?,New England Revolution (7),,
Regular,?,East,West,(Sun) 19 Apr 2015 (W15),New York City FC (7),0-1,?,Portland Timbers (7),,
Regular,?,East,East,(Fri) 24 Apr 2015 (W16),Chicago Fire (6),1-0,?,New York City FC (8),,
Regular,?,West,West,(Fri) 24 Apr 2015 (W16),Colorado Rapids (7),1-1,?,FC Dallas (8),,
Regular,?,East,East,(Sat) 25 Apr 2015 (W16),Columbus Crew SC (7),4-1,?,Philadelphia Union (9),,
Regular,?,East,West,(Sat) 25 Apr 2015 (W16),New England Revolution (8),4-0,?,Real Salt Lake (7),,
Regular,?,West,West,(Sat) 25 Apr 2015 (W16),Houston Dynamo (8),4-4,?,Sporting Kansas City (8),,
Regular,?,West,East,(Sat) 25 Apr 2015 (W16),Vancouver Whitecaps FC (9),1-2,?,D.C. United (7),,
Regular,?,East,West,(Sun) 26 Apr 2015 (W16),New York Red Bulls (6),1-1,?,LA Galaxy (8),,
Regular,?,East,East,(Sun) 26 Apr 2015 (W16),Orlando City SC (8),0-2,?,Toronto FC (6),,
Regular,?,West,West,(Sun) 26 Apr 2015 (W16),Seattle Sounders FC (7),1-0,?,Portland Timbers (8),,
Regular,?,East,West,(Wed) 29 Apr 2015 (W17),New York Red Bulls (7),1-1,?,Colorado Rapids (8),,
Regular,?,West,West,(Fri) 1 May 2015 (W17),Houston Dynamo (9),1-4,?,FC Dallas (9),,
Regular,?,West,West,(Fri) 1 May 2015 (W17),Real Salt Lake (8),1-1,?,San Jose Earthquakes (8),,
Regular,?,East,East,(Sat) 2 May 2015 (W17),Philadelphia Union (10),0-1,?,Toronto FC (7),,
Regular,?,East,East,(Sat) 2 May 2015 (W17),D.C. United (8),2-0,?,Columbus Crew SC (8),,
Regular,?,East,East,(Sat) 2 May 2015 (W17),New England Revolution (9),2-1,?,New York Red Bulls (8),,
Regular,?,West,West,(Sat) 2 May 2015 (W17),Portland Timbers (9),0-0,?,Vancouver Whitecaps FC (10),,
Regular,?,West,West,(Sat) 2 May 2015 (W17),LA Galaxy (9),1-1,?,Colorado Rapids (9),,
Regular,?,West,East,(Sun) 3 May 2015 (W17),Sporting Kansas City (9),1-0,?,Chicago Fire (7),,
Regular,?,East,West,(Sun) 3 May 2015 (W17),New York City FC (9),1-3,?,Seattle Sounders FC (8),,
Regular,?,West,West,(Tue) 5 May 2015 (W18),Houston Dynamo (10),0-1,?,San Jose Earthquakes (9),,
Regular,?,West,West,(Wed) 6 May 2015 (W18),Real Salt Lake (9),0-0,?,LA Galaxy (10),,
Regular,?,East,East,(Fri) 8 May 2015 (W18),Orlando City SC (9),2-2,?,New England Revolution (10),,
Regular,?,West,West,(Fri) 8 May 2015 (W18),Colorado Rapids (10),1-1,?,San Jose Earthquakes (10),,
Regular,?,East,West,(Sat) 9 May 2015 (W18),Chicago Fire (8),1-2,?,Real Salt Lake (10),,
Regular,?,East,West,(Sat) 9 May 2015 (W18),Montreal Impact (5),1-2,?,Portland Timbers (10),,
Regular,?,East,West,(Sat) 9 May 2015 (W18),D.C. United (9),1-1,?,Sporting Kansas City (10),,
Regular,?,West,East,(Sat) 9 May 2015 (W18),Vancouver Whitecaps FC (11),3-0,?,Philadelphia Union (11),,
Regular,?,East,West,(Sat) 9 May 2015 (W18),Columbus Crew SC (9),3-2,?,Seattle Sounders FC (9),,
Regular,?,West,West,(Sat) 9 May 2015 (W18),FC Dallas (10),2-1,?,LA Galaxy (11),,
Regular,?,East,West,(Sun) 10 May 2015 (W18),Toronto FC (8),1-2,?,Houston Dynamo (11),,
Regular,?,East,East,(Sun) 10 May 2015 (W18),New York Red Bulls (9),2-1,?,New York City FC (10),,
Regular,?,East,East,(Wed) 13 May 2015 (W19),D.C. United (10),2-1,?,Orlando City SC (10),,
Regular,?,East,East,(Fri) 15 May 2015 (W19),New York City FC (11),2-2,?,Chicago Fire (9),,
Regular,?,West,East,(Fri) 15 May 2015 (W19),FC Dallas (11),0-0,?,New York Red Bulls (10),,
Regular,?,East,West,(Sat) 16 May 2015 (W19),Montreal Impact (6),4-1,?,Real Salt Lake (11),,
Regular,?,West,West,(Sat) 16 May 2015 (W19),Vancouver Whitecaps FC (12),0-2,?,Seattle Sounders FC (10),,
Regular,?,East,East,(Sat) 16 May 2015 (W19),New England Revolution (11),1-1,?,Toronto FC (9),,
Regular,?,West,West,(Sat) 16 May 2015 (W19),Houston Dynamo (12),3-1,?,Portland Timbers (11),,
Regular,?,West,East,(Sat) 16 May 2015 (W19),San Jose Earthquakes (11),2-0,?,Columbus Crew SC (10),,
Regular,?,East,West,(Sun) 17 May 2015 (W19),Orlando City SC (11),4-0,?,LA Galaxy (12),,
Regular,?,East,East,(Sun) 17 May 2015 (W19),Philadelphia Union (12),1-0,?,D.C. United (11),,
Regular,?,West,East,(Wed) 20 May 2015 (W20),Sporting Kansas City (11),4-2,?,New England Revolution (12),,
Regular,?,East,East,(Fri) 22 May 2015 (W20),Columbus Crew SC (11),2-2,?,Chicago Fire (10),,
Regular,?,West,West,(Fri) 22 May 2015 (W20),LA Galaxy (13),1-0,?,Houston Dynamo (13),,
Regular,?,East,West,(Sat) 23 May 2015 (W20),Toronto FC (10),1-0,?,Portland Timbers (12),,
Regular,?,East,East,(Sat) 23 May 2015 (W20),New England Revolution (13),1-1,?,D.C. United (12),,
Regular,?,East,West,(Sat) 23 May 2015 (W20),Montreal Impact (7),2-1,?,FC Dallas (12),,
Regular,?,West,West,(Sat) 23 May 2015 (W20),Colorado Rapids (11),1-0,?,Vancouver Whitecaps FC (13),,
Regular,?,West,East,(Sat) 23 May 2015 (W20),Real Salt Lake (12),2-0,?,New York City FC (12),,
Regular,?,West,West,(Sat) 23 May 2015 (W20),Seattle Sounders FC (11),0-0,?,Sporting Kansas City (12),,
Regular,?,East,East,(Sun) 24 May 2015 (W20),New York Red Bulls (11),0-2,?,Philadelphia Union (13),,
Regular,?,West,East,(Sun) 24 May 2015 (W20),San Jose Earthquakes (12),1-1,?,Orlando City SC (12),,
Regular,?,West,West,(Wed) 27 May 2015 (W21),Seattle Sounders FC (12),1-0,?,Colorado Rapids (12),,
Regular,?,West,West,(Wed) 27 May 2015 (W21),LA Galaxy (14),1-0,?,Real Salt Lake (13),,
Regular,?,West,East,(Wed) 27 May 2015 (W21),Portland Timbers (13),1-0,?,D.C. United (13),,
Regular,?,West,West,(Fri) 29 May 2015 (W21),Sporting Kansas City (13),4-0,?,FC Dallas (13),,
Regular,?,East,West,(Sat) 30 May 2015 (W21),Toronto FC (11),3-1,?,San Jose Earthquakes (13),,
Regular,?,West,West,(Sat) 30 May 2015 (W21),Vancouver Whitecaps FC (14),2-1,?,Real Salt Lake (14),,
Regular,?,East,East,(Sat) 30 May 2015 (W21),D.C. United (14),2-1,?,Philadelphia Union (14),,
Regular,?,East,West,(Sat) 30 May 2015 (W21),New York City FC (13),1-1,?,Houston Dynamo (14),,
Regular,?,East,East,(Sat) 30 May 2015 (W21),Orlando City SC (13),2-2,?,Columbus Crew SC (12),,
Regular,?,East,East,(Sat) 30 May 2015 (W21),Chicago Fire (11),3-0,?,Montreal Impact (8),,
Regular,?,West,West,(Sat) 30 May 2015 (W21),Colorado Rapids (13),1-2,?,Portland Timbers (14),,
Regular,?,West,East,(Sun) 31 May 2015 (W21),Seattle Sounders FC (13),2-1,?,New York Red Bulls (12),,
Regular,?,East,West,(Sun) 31 May 2015 (W21),New England Revolution (14),2-2,?,LA Galaxy (15),,
Regular,?,East,East,(Wed) 3 Jun 2015 (W22),Philadelphia Union (15),3-0,?,Columbus Crew SC (13),,
Regular,?,East,East,(Wed) 3 Jun 2015 (W22),D.C. United (15),3-1,?,Chicago Fire (12),,
Regular,?,East,West,(Wed) 3 Jun 2015 (W22),Montreal Impact (9),2-1,?,Vancouver Whitecaps FC (15),,
Regular,?,West,East,(Fri) 5 Jun 2015 (W22),Houston Dynamo (15),4-2,?,New York Red Bulls (13),,
Regular,?,East,East,(Sat) 6 Jun 2015 (W22),D.C. United (16),1-2,?,Toronto FC (12),,
Regular,?,East,East,(Sat) 6 Jun 2015 (W22),Philadelphia Union (16),1-2,?,New York City FC (14),,
Regular,?,East,East,(Sat) 6 Jun 2015 (W22),Columbus Crew SC (14),1-2,?,Montreal Impact (10),,
Regular,?,East,East,(Sat) 6 Jun 2015 (W22),Chicago Fire (13),2-3,?,Orlando City SC (14),,
Regular,?,West,West,(Sat) 6 Jun 2015 (W22),Sporting Kansas City (14),1-0,?,Seattle Sounders FC (14),,
Regular,?,West,East,(Sat) 6 Jun 2015 (W22),Portland Timbers (15),2-0,?,New England Revolution (15),,
Regular,?,West,West,(Sat) 6 Jun 2015 (W22),LA Galaxy (16),0-1,?,Vancouver Whitecaps FC (16),,
Regular,?,West,West,(Sun) 7 Jun 2015 (W22),Real Salt Lake (15),0-0,?,Colorado Rapids (14),,
Regular,?,West,West,(Sun) 7 Jun 2015 (W22),San Jose Earthquakes (14),0-0,?,FC Dallas (14),,
Regular,?,East,East,(Sat) 13 Jun 2015 (W23),New York City FC (15),3-1,?,Montreal Impact (11),,
Regular,?,East,West,(Sat) 13 Jun 2015 (W23),Columbus Crew SC (15),1-1,?,LA Galaxy (17),,
Regular,?,East,East,(Sat) 13 Jun 2015 (W23),New England Revolution (16),2-0,?,Chicago Fire (14),,
Regular,?,West,West,(Sat) 13 Jun 2015 (W23),Seattle Sounders FC (15),3-0,?,FC Dallas (15),,
Regular,?,East,East,(Sun) 14 Jun 2015 (W23),Orlando City SC (15),1-0,?,D.C. United (17),,
Regular,?,West,West,(Fri) 19 Jun 2015 (W24),Colorado Rapids (15),1-1,?,FC Dallas (16),,
Regular,?,West,West,(Sat) 20 Jun 2015 (W24),Seattle Sounders FC (16),0-2,?,San Jose Earthquakes (15),,
Regular,?,East,West,(Sat) 20 Jun 2015 (W24),New York Red Bulls (14),1-2,?,Vancouver Whitecaps FC (17),,
Regular,?,East,East,(Sat) 20 Jun 2015 (W24),Toronto FC (13),0-2,?,New York City FC (16),,
Regular,?,East,East,(Sat) 20 Jun 2015 (W24),Montreal Impact (12),2-0,?,Orlando City SC (16),,
Regular,?,West,West,(Sat) 20 Jun 2015 (W24),Portland Timbers (16),2-0,?,Houston Dynamo (16),,
Regular,?,West,East,(Sat) 20 Jun 2015 (W24),LA Galaxy (18),5-1,?,Philadelphia Union (17),,
Regular,?,East,East,(Sun) 21 Jun 2015 (W24),D.C. United (18),2-1,?,New England Revolution (17),,
Regular,?,West,West,(Sun) 21 Jun 2015 (W24),Real Salt Lake (16),2-1,?,Sporting Kansas City (15),,
Regular,?,East,West,(Wed) 24 Jun 2015 (W25),Philadelphia Union (18),1-0,?,Seattle Sounders FC (17),,
Regular,?,East,West,(Wed) 24 Jun 2015 (W25),Orlando City SC (17),2-0,?,Colorado Rapids (16),,
Regular,?,East,East,(Wed) 24 Jun 2015 (W25),Columbus Crew SC (16),2-1,?,New England Revolution (18),,
Regular,?,East,West,(Wed) 24 Jun 2015 (W25),New York Red Bulls (15),1-0,?,Real Salt Lake (17),,
Regular,?,East,East,(Wed) 24 Jun 2015 (W25),Toronto FC (14),3-1,?,Montreal Impact (13),,
Regular,?,East,East,(Wed) 24 Jun 2015 (W25),Chicago Fire (15),0-1,?,D.C. United (19),,
Regular,?,West,West,(Wed) 24 Jun 2015 (W25),LA Galaxy (19),5-0,?,Portland Timbers (17),,
Regular,?,West,West,(Fri) 26 Jun 2015 (W25),FC Dallas (17),2-0,?,Houston Dynamo (17),,
Regular,?,East,East,(Sat) 27 Jun 2015 (W25),Toronto FC (15),0-0,?,D.C. United (20),,
Regular,?,East,East,(Sat) 27 Jun 2015 (W25),Philadelphia Union (19),2-2,?,Montreal Impact (14),,
Regular,?,East,West,(Sat) 27 Jun 2015 (W25),New England Revolution (19),1-2,?,Vancouver Whitecaps FC (18),,
Regular,?,West,West,(Sat) 27 Jun 2015 (W25),Sporting Kansas City (16),2-0,?,Colorado Rapids (17),,
Regular,?,West,East,(Sat) 27 Jun 2015 (W25),Real Salt Lake (18),2-2,?,Columbus Crew SC (17),,
Regular,?,West,West,(Sat) 27 Jun 2015 (W25),San Jose Earthquakes (16),3-1,?,LA Galaxy (20),,
Regular,?,East,East,(Sun) 28 Jun 2015 (W25),New York City FC (17),1-3,?,New York Red Bulls (16),,
Regular,?,West,West,(Sun) 28 Jun 2015 (W25),Portland Timbers (18),4-1,?,Seattle Sounders FC (18),,
Regular,?,West,East,(Fri) 3 Jul 2015 (W26),Houston Dynamo (18),1-1,?,Chicago Fire (16),,
Regular,?,West,East,(Fri) 3 Jul 2015 (W26),Seattle Sounders FC (19),1-0,?,D.C. United (21),,
Regular,?,East,East,(Sat) 4 Jul 2015 (W26),Columbus Crew SC (18),2-1,?,New York Red Bulls (17),,
Regular,?,East,East,(Sat) 4 Jul 2015 (W26),Montreal Impact (15),1-2,?,New York City FC (18),,
Regular,?,West,East,(Sat) 4 Jul 2015 (W26),FC Dallas (18),3-0,?,New England Revolution (20),,
Regular,?,West,West,(Sat) 4 Jul 2015 (W26),Colorado Rapids (18),2-1,?,Vancouver Whitecaps FC (19),,
Regular,?,West,East,(Sat) 4 Jul 2015 (W26),Real Salt Lake (19),1-1,?,Orlando City SC (18),,
Regular,?,West,East,(Sat) 4 Jul 2015 (W26),LA Galaxy (21),4-0,?,Toronto FC (16),,
Regular,?,West,West,(Sun) 5 Jul 2015 (W26),Portland Timbers (19),1-0,?,San Jose Earthquakes (17),,
Regular,?,West,West,(Fri) 10 Jul 2015 (W27),San Jose Earthquakes (18),0-2,?,Houston Dynamo (19),,
Regular,?,East,East,(Sat) 11 Jul 2015 (W27),New York Red Bulls (18),4-1,?,New England Revolution (21),,
Regular,?,East,West,(Sat) 11 Jul 2015 (W27),Philadelphia Union (20),3-0,?,Portland Timbers (20),,
Regular,?,East,West,(Sat) 11 Jul 2015 (W27),Orlando City SC (19),0-2,?,FC Dallas (19),,
Regular,?,East,East,(Sat) 11 Jul 2015 (W27),Montreal Impact (16),3-0,?,Columbus Crew SC (19),,
Regular,?,East,West,(Sat) 11 Jul 2015 (W27),Chicago Fire (17),1-0,?,Seattle Sounders FC (20),,
Regular,?,West,West,(Sat) 11 Jul 2015 (W27),Colorado Rapids (19),3-1,?,Real Salt Lake (20),,
Regular,?,East,East,(Sun) 12 Jul 2015 (W27),New York City FC (19),4-4,?,Toronto FC (17),,
Regular,?,West,West,(Sun) 12 Jul 2015 (W27),Vancouver Whitecaps FC (20),0-1,?,Sporting Kansas City (17),,
Regular,?,East,East,(Wed) 15 Jul 2015 (W28),Chicago Fire (18),0-1,?,Columbus Crew SC (20),,
Regular,?,West,West,(Fri) 17 Jul 2015 (W28),LA Galaxy (22),5-2,?,San Jose Earthquakes (19),,
Regular,?,East,East,(Sat) 18 Jul 2015 (W28),Toronto FC (18),2-1,?,Philadelphia Union (21),,
Regular,?,East,East,(Sat) 18 Jul 2015 (W28),Orlando City SC (20),0-2,?,New York Red Bulls (19),,
Regular,?,East,East,(Sat) 18 Jul 2015 (W28),New England Revolution (22),1-0,?,New York City FC (20),,
Regular,?,West,East,(Sat) 18 Jul 2015 (W28),Sporting Kansas City (18),2-1,?,Montreal Impact (17),,
Regular,?,West,East,(Sat) 18 Jul 2015 (W28),FC Dallas (20),2-1,?,D.C. United (22),,
Regular,?,West,West,(Sat) 18 Jul 2015 (W28),Seattle Sounders FC (21),0-1,?,Colorado Rapids (20),,
Regular,?,West,West,(Sat) 18 Jul 2015 (W28),Real Salt Lake (21),2-0,?,Houston Dynamo (20),,
Regular,?,West,West,(Sat) 18 Jul 2015 (W28),Portland Timbers (21),1-1,?,Vancouver Whitecaps FC (21),,
Regular,?,East,East,(Sun) 19 Jul 2015 (W28),Columbus Crew SC (21),3-1,?,Chicago Fire (19),,
Regular,?,West,West,(Fri) 24 Jul 2015 (W29),Real Salt Lake (22),2-1,?,Sporting Kansas City (19),,
Regular,?,East,East,(Sat) 25 Jul 2015 (W29),Columbus Crew SC (22),3-3,?,Toronto FC (19),,
Regular,?,East,West,(Sat) 25 Jul 2015 (W29),Montreal Impact (18),1-0,?,Seattle Sounders FC (22),,
Regular,?,East,East,(Sat) 25 Jul 2015 (W29),Chicago Fire (20),2-2,?,New England Revolution (23),,
Regular,?,West,West,(Sat) 25 Jul 2015 (W29),Houston Dynamo (21),3-0,?,LA Galaxy (23),,
Regular,?,West,West,(Sat) 25 Jul 2015 (W29),FC Dallas (21),4-1,?,Portland Timbers (22),,
Regular,?,East,East,(Sun) 26 Jul 2015 (W29),New York City FC (21),5-3,?,Orlando City SC (21),,
Regular,?,East,East,(Sun) 26 Jul 2015 (W29),D.C. United (23),3-2,?,Philadelphia Union (22),,
Regular,?,West,West,(Sun) 26 Jul 2015 (W29),Vancouver Whitecaps FC (22),3-1,?,San Jose Earthquakes (20),,
Regular,?,East,East,(Sat) 1 Aug 2015 (W30),New York City FC (22),2-3,?,Montreal Impact (19),,
Regular,?,East,East,(Sat) 1 Aug 2015 (W30),Philadelphia Union (23),1-3,?,New York Red Bulls (20),,
Regular,?,East,West,(Sat) 1 Aug 2015 (W30),D.C. United (24),6-4,?,Real Salt Lake (23),,
Regular,?,East,East,(Sat) 1 Aug 2015 (W30),Orlando City SC (22),5-2,?,Columbus Crew SC (23),,
Regular,?,East,East,(Sat) 1 Aug 2015 (W30),New England Revolution (24),3-1,?,Toronto FC (20),,
Regular,?,West,West,(Sat) 1 Aug 2015 (W30),Sporting Kansas City (20),1-1,?,Houston Dynamo (22),,
Regular,?,West,West,(Sat) 1 Aug 2015 (W30),Colorado Rapids (21),1-3,?,LA Galaxy (24),,
Regular,?,West,West,(Sat) 1 Aug 2015 (W30),Seattle Sounders FC (23),0-3,?,Vancouver Whitecaps FC (23),,
Regular,?,West,West,(Sun) 2 Aug 2015 (W30),San Jose Earthquakes (21),0-0,?,Portland Timbers (23),,
Regular,?,East,West,(Sun) 2 Aug 2015 (W30),Chicago Fire (21),2-0,?,FC Dallas (22),,
Regular,?,East,East,(Wed) 5 Aug 2015 (W31),Montreal Impact (20),1-1,?,New York Red Bulls (21),,
Regular,?,East,East,(Wed) 5 Aug 2015 (W31),Toronto FC (21),4-1,?,Orlando City SC (23),,
Regular,?,West,East,(Fri) 7 Aug 2015 (W31),Portland Timbers (24),1-0,?,Chicago Fire (22),,
Regular,?,East,West,(Sat) 8 Aug 2015 (W31),Toronto FC (22),1-3,?,Sporting Kansas City (21),,
Regular,?,East,East,(Sat) 8 Aug 2015 (W31),Orlando City SC (24),0-0,?,Philadelphia Union (24),,
Regular,?,East,East,(Sat) 8 Aug 2015 (W31),Montreal Impact (21),0-1,?,D.C. United (25),,
Regular,?,West,East,(Sat) 8 Aug 2015 (W31),Colorado Rapids (22),1-2,?,Columbus Crew SC (24),,
Regular,?,West,West,(Sat) 8 Aug 2015 (W31),Houston Dynamo (23),2-1,?,San Jose Earthquakes (22),,
Regular,?,West,West,(Sat) 8 Aug 2015 (W31),Vancouver Whitecaps FC (24),4-0,?,Real Salt Lake (24),,
Regular,?,West,West,(Sun) 9 Aug 2015 (W31),LA Galaxy (25),3-1,?,Seattle Sounders FC (24),,
Regular,?,East,East,(Sun) 9 Aug 2015 (W31),New York Red Bulls (22),2-0,?,New York City FC (23),,
Regular,?,East,East,(Thu) 13 Aug 2015 (W32),New York City FC (24),3-1,?,D.C. United (26),,
Regular,?,West,West,(Fri) 14 Aug 2015 (W32),San Jose Earthquakes (23),1-0,?,Colorado Rapids (23),,
Regular,?,East,East,(Sat) 15 Aug 2015 (W32),New York Red Bulls (23),3-0,?,Toronto FC (23),,
Regular,?,East,West,(Sat) 15 Aug 2015 (W32),New England Revolution (25),2-0,?,Houston Dynamo (24),,
Regular,?,West,West,(Sat) 15 Aug 2015 (W32),FC Dallas (23),1-2,?,LA Galaxy (26),,
Regular,?,West,West,(Sat) 15 Aug 2015 (W32),Sporting Kansas City (22),4-3,?,Vancouver Whitecaps FC (25),,
Regular,?,West,West,(Sat) 15 Aug 2015 (W32),Real Salt Lake (25),0-1,?,Portland Timbers (25),,
Regular,?,West,East,(Sun) 16 Aug 2015 (W32),Seattle Sounders FC (25),4-0,?,Orlando City SC (25),,
Regular,?,East,East,(Sun) 16 Aug 2015 (W32),Philadelphia Union (25),3-3,?,Chicago Fire (23),,
Regular,?,East,East,(Wed) 19 Aug 2015 (W33),Columbus Crew SC (25),2-2,?,New York City FC (25),,
Regular,?,West,West,(Wed) 19 Aug 2015 (W33),Sporting Kansas City (23),0-5,?,San Jose Earthquakes (24),,
Regular,?,West,West,(Fri) 21 Aug 2015 (W33),Portland Timbers (26),2-2,?,Houston Dynamo (25),,
Regular,?,East,East,(Sat) 22 Aug 2015 (W33),Toronto FC (24),5-0,?,Orlando City SC (26),,
Regular,?,East,West,(Sat) 22 Aug 2015 (W33),D.C. United (27),0-2,?,San Jose Earthquakes (25),,
Regular,?,East,West,(Sat) 22 Aug 2015 (W33),Columbus Crew SC (26),3-2,?,Sporting Kansas City (24),,
Regular,?,East,East,(Sat) 22 Aug 2015 (W33),Montreal Impact (22),0-1,?,Philadelphia Union (26),,
Regular,?,East,West,(Sat) 22 Aug 2015 (W33),Chicago Fire (24),0-1,?,Colorado Rapids (24),,
Regular,?,West,West,(Sat) 22 Aug 2015 (W33),Real Salt Lake (26),2-0,?,Seattle Sounders FC (26),,
Regular,?,West,West,(Sat) 22 Aug 2015 (W33),Vancouver Whitecaps FC (26),1-0,?,FC Dallas (24),,
Regular,?,West,East,(Sun) 23 Aug 2015 (W33),LA Galaxy (27),5-1,?,New York City FC (26),,
Regular,?,East,East,(Wed) 26 Aug 2015 (W34),Chicago Fire (25),3-2,?,New York Red Bulls (24),,
Regular,?,West,West,(Wed) 26 Aug 2015 (W34),Colorado Rapids (25),2-1,?,Houston Dynamo (26),,
Regular,?,West,West,(Fri) 28 Aug 2015 (W34),San Jose Earthquakes (26),1-0,?,LA Galaxy (28),,
Regular,?,East,East,(Sat) 29 Aug 2015 (W34),New York City FC (27),1-2,?,Columbus Crew SC (27),,
Regular,?,East,East,(Sat) 29 Aug 2015 (W34),Toronto FC (25),2-1,?,Montreal Impact (23),,
Regular,?,East,East,(Sat) 29 Aug 2015 (W34),Philadelphia Union (27),0-1,?,New England Revolution (26),,
Regular,?,West,West,(Sat) 29 Aug 2015 (W34),Colorado Rapids (26),2-1,?,Sporting Kansas City (25),,
Regular,?,West,West,(Sat) 29 Aug 2015 (W34),Houston Dynamo (27),2-0,?,Vancouver Whitecaps FC (27),,
Regular,?,West,West,(Sat) 29 Aug 2015 (W34),FC Dallas (25),2-0,?,Real Salt Lake (27),,
Regular,?,East,East,(Sat) 29 Aug 2015 (W34),Orlando City SC (27),1-1,?,Chicago Fire (26),,
Regular,?,West,West,(Sun) 30 Aug 2015 (W34),Seattle Sounders FC (27),2-1,?,Portland Timbers (27),,
Regular,?,East,East,(Sun) 30 Aug 2015 (W34),New York Red Bulls (25),3-0,?,D.C. United (28),,
Regular,?,East,East,(Sat) 5 Sep 2015 (W35),New England Revolution (27),3-0,?,Orlando City SC (28),,
Regular,?,East,East,(Sat) 5 Sep 2015 (W35),Montreal Impact (24),4-3,?,Chicago Fire (27),,
Regular,?,West,East,(Sat) 5 Sep 2015 (W35),Seattle Sounders FC (28),2-1,?,Toronto FC (26),,
Regular,?,West,East,(Sat) 5 Sep 2015 (W35),San Jose Earthquakes (27),1-2,?,Philadelphia Union (28),,
Regular,?,East,West,(Sun) 6 Sep 2015 (W35),Columbus Crew SC (28),0-3,?,FC Dallas (26),,
Regular,?,West,West,(Wed) 9 Sep 2015 (W36),Vancouver Whitecaps FC (28),2-0,?,Colorado Rapids (27),,
Regular,?,West,West,(Wed) 9 Sep 2015 (W36),Portland Timbers (28),0-0,?,Sporting Kansas City (26),,
Regular,?,East,East,(Fri) 11 Sep 2015 (W36),New York Red Bulls (26),3-2,?,Chicago Fire (28),,
Regular,?,East,East,(Sat) 12 Sep 2015 (W36),Philadelphia Union (29),1-2,?,Columbus Crew SC (29),,
Regular,?,West,West,(Sat) 12 Sep 2015 (W36),Houston Dynamo (28),1-3,?,Real Salt Lake (28),,
Regular,?,West,East,(Sat) 12 Sep 2015 (W36),FC Dallas (27),2-1,?,New York City FC (28),,
Regular,?,West,East,(Sat) 12 Sep 2015 (W36),Colorado Rapids (28),1-0,?,D.C. United (29),,
Regular,?,West,East,(Sat) 12 Sep 2015 (W36),LA Galaxy (29),0-0,?,Montreal Impact (25),,
Regular,?,West,West,(Sat) 12 Sep 2015 (W36),San Jose Earthquakes (28),1-1,?,Seattle Sounders FC (29),,
Regular,?,East,East,(Sun) 13 Sep 2015 (W36),Toronto FC (27),1-3,?,New England Revolution (28),,
Regular,?,East,West,(Sun) 13 Sep 2015 (W36),Orlando City SC (29),3-1,?,Sporting Kansas City (27),,
Regular,?,East,East,(Wed) 16 Sep 2015 (W37),New York City FC (29),2-0,?,Toronto FC (28),,
Regular,?,East,East,(Wed) 16 Sep 2015 (W37),New England Revolution (29),2-1,?,New York Red Bulls (27),,
Regular,?,West,East,(Wed) 16 Sep 2015 (W37),San Jose Earthquakes (29),1-1,?,Montreal Impact (26),,
Regular,?,West,West,(Fri) 18 Sep 2015 (W37),Sporting Kansas City (28),3-1,?,FC Dallas (28),,
Regular,?,East,West,(Sat) 19 Sep 2015 (W37),Toronto FC (29),3-1,?,Colorado Rapids (29),,
Regular,?,East,West,(Sat) 19 Sep 2015 (W37),New York City FC (30),3-0,?,San Jose Earthquakes (30),,
Regular,?,West,West,(Sat) 19 Sep 2015 (W37),Vancouver Whitecaps FC (29),0-3,?,Seattle Sounders FC (30),,
Regular,?,East,East,(Sat) 19 Sep 2015 (W37),D.C. United (30),1-2,?,Columbus Crew SC (30),,
Regular,?,East,East,(Sat) 19 Sep 2015 (W37),Montreal Impact (27),3-0,?,New England Revolution (30),,
Regular,?,East,East,(Sat) 19 Sep 2015 (W37),Chicago Fire (29),0-1,?,Orlando City SC (30),,
Regular,?,West,West,(Sat) 19 Sep 2015 (W37),Real Salt Lake (29),3-0,?,LA Galaxy (30),,
Regular,?,West,East,(Sun) 20 Sep 2015 (W37),Portland Timbers (29),0-2,?,New York Red Bulls (28),,
Regular,?,East,West,(Sun) 20 Sep 2015 (W37),Philadelphia Union (30),2-0,?,Houston Dynamo (29),,
Regular,?,East,East,(Wed) 23 Sep 2015 (W38),Montreal Impact (28),2-1,?,Chicago Fire (30),,
Regular,?,West,West,(Wed) 23 Sep 2015 (W38),Houston Dynamo (30),1-0,?,Sporting Kansas City (29),,
Regular,?,East,East,(Fri) 25 Sep 2015 (W38),New York Red Bulls (29),2-5,?,Orlando City SC (31),,
Regular,?,East,East,(Sat) 26 Sep 2015 (W38),Toronto FC (30),3-2,?,Chicago Fire (31),,
Regular,?,East,East,(Sat) 26 Sep 2015 (W38),Montreal Impact (29),2-0,?,D.C. United (31),,
Regular,?,East,East,(Sat) 26 Sep 2015 (W38),New England Revolution (31),1-1,?,Philadelphia Union (31),,
Regular,?,East,West,(Sat) 26 Sep 2015 (W38),Columbus Crew SC (31),1-2,?,Portland Timbers (30),,
Regular,?,West,West,(Sat) 26 Sep 2015 (W38),Houston Dynamo (31),3-2,?,Colorado Rapids (30),,
Regular,?,West,East,(Sat) 26 Sep 2015 (W38),Vancouver Whitecaps FC (30),1-2,?,New York City FC (31),,
Regular,?,West,West,(Sun) 27 Sep 2015 (W38),San Jose Earthquakes (31),1-0,?,Real Salt Lake (30),,
Regular,?,West,West,(Sun) 27 Sep 2015 (W38),LA Galaxy (31),3-2,?,FC Dallas (29),,
Regular,?,West,West,(Sun) 27 Sep 2015 (W38),Sporting Kansas City (30),1-1,?,Seattle Sounders FC (31),,
Regular,?,East,East,(Fri) 2 Oct 2015 (W39),D.C. United (32),2-1,?,New York City FC (32),,
Regular,?,East,East,(Sat) 3 Oct 2015 (W39),Toronto FC (31),3-1,?,Philadelphia Union (32),,
Regular,?,East,East,(Sat) 3 Oct 2015 (W39),New York Red Bulls (30),2-1,?,Columbus Crew SC (32),,
Regular,?,East,East,(Sat) 3 Oct 2015 (W39),Orlando City SC (32),2-1,?,Montreal Impact (30),,
Regular,?,East,East,(Sat) 3 Oct 2015 (W39),Chicago Fire (32),3-1,?,New England Revolution (32),,
Regular,?,West,West,(Sat) 3 Oct 2015 (W39),Portland Timbers (31),0-1,?,Sporting Kansas City (31),,
Regular,?,West,West,(Sat) 3 Oct 2015 (W39),San Jose Earthquakes (32),1-1,?,Vancouver Whitecaps FC (31),,
Regular,?,West,West,(Sun) 4 Oct 2015 (W39),Colorado Rapids (31),1-2,?,Real Salt Lake (31),,
Regular,?,West,West,(Sun) 4 Oct 2015 (W39),FC Dallas (30),4-1,?,Houston Dynamo (32),,
Regular,?,West,West,(Sun) 4 Oct 2015 (W39),Seattle Sounders FC (32),1-1,?,LA Galaxy (32),,
Regular,?,East,East,(Wed) 7 Oct 2015 (W40),New York Red Bulls (31),2-1,?,Montreal Impact (31),,
Regular,?,West,West,(Wed) 7 Oct 2015 (W40),Vancouver Whitecaps FC (32),0-0,?,FC Dallas (31),,
Regular,?,West,East,(Sat) 10 Oct 2015 (W40),Colorado Rapids (32),0-1,?,Montreal Impact (32),,
Regular,?,East,East,(Wed) 14 Oct 2015 (W41),Toronto FC (32),2-1,?,New York Red Bulls (32),,
Regular,?,West,West,(Wed) 14 Oct 2015 (W41),FC Dallas (32),2-0,?,Vancouver Whitecaps FC (33),,
Regular,?,West,West,(Wed) 14 Oct 2015 (W41),Real Salt Lake (32),0-1,?,Portland Timbers (32),,
Regular,?,East,East,(Fri) 16 Oct 2015 (W41),Orlando City SC (33),2-1,?,New York City FC (33),,
Regular,?,West,West,(Fri) 16 Oct 2015 (W41),San Jose Earthquakes (33),1-0,?,Sporting Kansas City (32),,
Regular,?,West,West,(Sat) 17 Oct 2015 (W41),Real Salt Lake (33),0-1,?,FC Dallas (33),,
Regular,?,East,East,(Sat) 17 Oct 2015 (W41),Toronto FC (33),0-2,?,Columbus Crew SC (33),,
Regular,?,East,East,(Sat) 17 Oct 2015 (W41),New England Revolution (33),0-1,?,Montreal Impact (33),,
Regular,?,West,West,(Sun) 18 Oct 2015 (W41),LA Galaxy (33),2-5,?,Portland Timbers (33),,
Regular,?,East,East,(Sun) 18 Oct 2015 (W41),New York Red Bulls (33),4-1,?,Philadelphia Union (33),,
Regular,?,East,East,(Sun) 18 Oct 2015 (W41),D.C. United (33),4-0,?,Chicago Fire (33),,
Regular,?,West,West,(Sun) 18 Oct 2015 (W41),Houston Dynamo (33),1-1,?,Seattle Sounders FC (33),,
Regular,?,West,West,(Wed) 21 Oct 2015 (W42),Sporting Kansas City (33),0-2,?,Colorado Rapids (33),,
Regular,?,East,East,(Sun) 25 Oct 2015 (W42),Philadelphia Union (34),1-0,?,Orlando City SC (34),,
Regular,?,East,East,(Sun) 25 Oct 2015 (W42),Montreal Impact (34),2-1,?,Toronto FC (34),,
Regular,?,East,East,(Sun) 25 Oct 2015 (W42),Columbus Crew SC (34),5-0,?,D.C. United (34),,
Regular,?,East,East,(Sun) 25 Oct 2015 (W42),Chicago Fire (34),1-2,?,New York Red Bulls (34),,
Regular,?,East,East,(Sun) 25 Oct 2015 (W42),New York City FC (34),1-3,?,New England Revolution (34),,
Regular,?,West,West,(Sun) 25 Oct 2015 (W42),Portland Timbers (34),4-1,?,Colorado Rapids (34),,
Regular,?,West,West,(Sun) 25 Oct 2015 (W42),FC Dallas (34),2-1,?,San Jose Earthquakes (34),,
Regular,?,West,West,(Sun) 25 Oct 2015 (W42),Vancouver Whitecaps FC (34),3-0,?,Houston Dynamo (34),,
Regular,?,West,West,(Sun) 25 Oct 2015 (W42),Seattle Sounders FC (34),3-1,?,Real Salt Lake (34),,
Regular,?,West,West,(Sun) 25 Oct 2015 (W42),Sporting Kansas City (34),2-1,?,LA Galaxy (34),,
Playoff,Conf. Knockout,East,East,(Wed) 28 Oct 2015 (W43),D.C. United (35),2-1,?,New England Revolution (35),,
Playoff,Conf. Knockout,West,West,(Wed) 28 Oct 2015 (W43),Seattle Sounders FC (35),3-2,?,LA Galaxy (35),,
Playoff,Conf. Knockout,East,East,(Thu) 29 Oct 2015 (W43),Montreal Impact (35),3-0,?,Toronto FC (35),,
Playoff,Conf. Knockout,West,West,(Thu) 29 Oct 2015 (W43),Portland Timbers (35),1-1 (*),?,Sporting Kansas City (35),2-2 (a.e.t.),7-6 (pen.)
Playoff,Conf. Semifinals | Leg 1,East,East,(Sun) 1 Nov 2015 (W43),D.C. United (36),0-1,?,New York Red Bulls (35),,
Playoff,Conf. Semifinals | Leg 1,East,East,(Sun) 1 Nov 2015 (W43),Montreal Impact (36),2-1,?,Columbus Crew SC (35),,
Playoff,Conf. Semifinals | Leg 1,West,West,(Sun) 1 Nov 2015 (W43),Portland Timbers (36),0-0,?,Vancouver Whitecaps FC (35),,
Playoff,Conf. Semifinals | Leg 1,West,West,(Sun) 1 Nov 2015 (W43),Seattle Sounders FC (36),2-1,?,FC Dallas (35),,
Playoff,Conf. Semifinals | Leg 2,East,East,(Sun) 8 Nov 2015 (W44),New York Red Bulls (36),1-0,?,D.C. United (37),,
Playoff,Conf. Semifinals | Leg 2,East,East,(Sun) 8 Nov 2015 (W44),Columbus Crew SC (36),2-1 (*),?,Montreal Impact (37),3-1 (a.e.t.),
Playoff,Conf. Semifinals | Leg 2,West,West,(Sun) 8 Nov 2015 (W44),Vancouver Whitecaps FC (36),0-2,?,Portland Timbers (37),,
Playoff,Conf. Semifinals | Leg 2,West,West,(Sun) 8 Nov 2015 (W44),FC Dallas (36),2-1 (*),?,Seattle Sounders FC (37),2-1 (a.e.t.),4-2 (pen.)
Playoff,Conf. Finals | Leg 1,East,East,(Sun) 22 Nov 2015 (W46),Columbus Crew SC (37),2-0,?,New York Red Bulls (37),,
Playoff,Conf. Finals | Leg 1,West,West,(Sun) 22 Nov 2015 (W46),Portland Timbers (38),3-1,?,FC Dallas (37),,
Playoff,Conf. Finals | Leg 2,East,East,(Sun) 29 Nov 2015 (W47),New York Red Bulls (38),1-0,?,Columbus Crew SC (38),,
Playoff,Conf. Finals | Leg 2,West,West,(Sun) 29 Nov 2015 (W47),FC Dallas (38),2-2,?,Portland Timbers (39),,
Playoff,Final,East,West,(Sun) 6 Dec 2015 (W48),Columbus Crew SC (39),1-2,?,Portland Timbers (40),,
