Stage,Round,Conf 1,Conf 2,Date,Team 1,FT,HT,Team 2,ET,P
Regular,?,West,East,(Sat) 8 Mar 2014 (W9),Seattle Sounders FC (1),1-0,?,Sporting Kansas City (1),,
Regular,?,East,East,(Sat) 8 Mar 2014 (W9),D.C. United (1),0-3,?,Columbus Crew SC (1),,
Regular,?,West,East,(Sat) 8 Mar 2014 (W9),Vancouver Whitecaps FC (1),4-1,?,New York Red Bulls (1),,
Regular,?,East,East,(Sat) 8 Mar 2014 (W9),Houston Dynamo (1),4-0,?,New England Revolution (1),,
Regular,?,West,East,(Sat) 8 Mar 2014 (W9),FC Dallas (1),3-2,?,Montreal Impact (1),,
Regular,?,West,West,(Sun) 9 Mar 2014 (W9),LA Galaxy (1),0-1,?,Real Salt Lake (1),,
Regular,?,West,East,(Sun) 9 Mar 2014 (W9),Portland Timbers (1),1-1,?,Philadelphia Union (1),,
Regular,?,West,East,(Sun) 9 Mar 2014 (W9),CD Chivas USA (1),3-2,?,Chicago Fire (1),,
Regular,?,East,West,(Sat) 15 Mar 2014 (W10),New York Red Bulls (2),1-1,?,Colorado Rapids (1),,
Regular,?,East,East,(Sat) 15 Mar 2014 (W10),Philadelphia Union (2),1-0,?,New England Revolution (2),,
Regular,?,West,East,(Sat) 15 Mar 2014 (W10),Seattle Sounders FC (2),1-2,?,Toronto FC (1),,
Regular,?,East,West,(Sat) 15 Mar 2014 (W10),Sporting Kansas City (2),1-1,?,FC Dallas (2),,
Regular,?,East,East,(Sat) 15 Mar 2014 (W10),Houston Dynamo (2),1-0,?,Montreal Impact (2),,
Regular,?,West,West,(Sun) 16 Mar 2014 (W10),San Jose Earthquakes (1),3-3,?,Real Salt Lake (2),,
Regular,?,West,East,(Sun) 16 Mar 2014 (W10),Portland Timbers (2),1-1,?,Chicago Fire (2),,
Regular,?,West,West,(Sun) 16 Mar 2014 (W10),CD Chivas USA (2),1-1,?,Vancouver Whitecaps FC (2),,
Regular,?,East,West,(Sat) 22 Mar 2014 (W11),New England Revolution (3),0-0,?,Vancouver Whitecaps FC (3),,
Regular,?,West,West,(Sat) 22 Mar 2014 (W11),Real Salt Lake (3),1-1,?,LA Galaxy (2),,
Regular,?,East,East,(Sat) 22 Mar 2014 (W11),Toronto FC (2),1-0,?,D.C. United (2),,
Regular,?,West,West,(Sat) 22 Mar 2014 (W11),Colorado Rapids (2),2-0,?,Portland Timbers (3),,
Regular,?,East,East,(Sat) 22 Mar 2014 (W11),Columbus Crew SC (2),2-1,?,Philadelphia Union (3),,
Regular,?,East,West,(Sat) 22 Mar 2014 (W11),Sporting Kansas City (3),1-0,?,San Jose Earthquakes (2),,
Regular,?,West,West,(Sat) 22 Mar 2014 (W11),FC Dallas (3),3-1,?,CD Chivas USA (3),,
Regular,?,East,East,(Sun) 23 Mar 2014 (W11),Chicago Fire (3),1-1,?,New York Red Bulls (3),,
Regular,?,East,West,(Sun) 23 Mar 2014 (W11),Montreal Impact (3),0-2,?,Seattle Sounders FC (3),,
Regular,?,East,East,(Sat) 29 Mar 2014 (W12),Philadelphia Union (4),1-1,?,Montreal Impact (4),,
Regular,?,East,East,(Sat) 29 Mar 2014 (W12),D.C. United (3),2-2,?,Chicago Fire (4),,
Regular,?,West,East,(Sat) 29 Mar 2014 (W12),Colorado Rapids (3),2-3,?,Sporting Kansas City (4),,
Regular,?,West,East,(Sat) 29 Mar 2014 (W12),Vancouver Whitecaps FC (4),2-1,?,Houston Dynamo (3),,
Regular,?,West,West,(Sat) 29 Mar 2014 (W12),FC Dallas (4),2-1,?,Portland Timbers (4),,
Regular,?,West,East,(Sat) 29 Mar 2014 (W12),Real Salt Lake (4),3-0,?,Toronto FC (3),,
Regular,?,West,East,(Sun) 30 Mar 2014 (W12),Seattle Sounders FC (4),1-2,?,Columbus Crew SC (3),,
Regular,?,West,East,(Sun) 30 Mar 2014 (W12),San Jose Earthquakes (3),1-2,?,New England Revolution (4),,
Regular,?,East,West,(Sun) 30 Mar 2014 (W12),New York Red Bulls (4),1-1,?,CD Chivas USA (4),,
Regular,?,West,West,(Sat) 5 Apr 2014 (W13),Portland Timbers (5),4-4,?,Seattle Sounders FC (5),,
Regular,?,East,East,(Sat) 5 Apr 2014 (W13),Montreal Impact (5),2-2,?,New York Red Bulls (5),,
Regular,?,East,East,(Sat) 5 Apr 2014 (W13),Chicago Fire (5),2-2,?,Philadelphia Union (5),,
Regular,?,East,East,(Sat) 5 Apr 2014 (W13),Columbus Crew SC (4),0-2,?,Toronto FC (4),,
Regular,?,West,West,(Sat) 5 Apr 2014 (W13),Vancouver Whitecaps FC (5),1-2,?,Colorado Rapids (4),,
Regular,?,East,East,(Sat) 5 Apr 2014 (W13),D.C. United (4),2-0,?,New England Revolution (5),,
Regular,?,East,West,(Sat) 5 Apr 2014 (W13),Houston Dynamo (4),1-4,?,FC Dallas (5),,
Regular,?,East,West,(Sat) 5 Apr 2014 (W13),Sporting Kansas City (5),0-0,?,Real Salt Lake (5),,
Regular,?,West,West,(Sun) 6 Apr 2014 (W13),CD Chivas USA (5),0-3,?,LA Galaxy (3),,
Regular,?,East,West,(Sat) 12 Apr 2014 (W14),Philadelphia Union (6),2-2,?,Real Salt Lake (6),,
Regular,?,East,East,(Sat) 12 Apr 2014 (W14),Montreal Impact (6),1-1,?,Chicago Fire (6),,
Regular,?,East,West,(Sat) 12 Apr 2014 (W14),Toronto FC (5),0-1,?,Colorado Rapids (5),,
Regular,?,East,East,(Sat) 12 Apr 2014 (W14),New England Revolution (6),2-0,?,Houston Dynamo (5),,
Regular,?,East,East,(Sat) 12 Apr 2014 (W14),D.C. United (5),1-0,?,New York Red Bulls (6),,
Regular,?,West,West,(Sat) 12 Apr 2014 (W14),FC Dallas (6),2-3,?,Seattle Sounders FC (6),,
Regular,?,West,West,(Sun) 13 Apr 2014 (W14),Portland Timbers (6),1-1,?,CD Chivas USA (6),,
Regular,?,West,West,(Sun) 13 Apr 2014 (W14),LA Galaxy (4),1-0,?,Vancouver Whitecaps FC (6),,
Regular,?,West,East,(Sun) 13 Apr 2014 (W14),San Jose Earthquakes (4),1-1,?,Columbus Crew SC (5),,
Regular,?,East,East,(Wed) 16 Apr 2014 (W15),New York Red Bulls (7),2-1,?,Philadelphia Union (7),,
Regular,?,East,East,(Sat) 19 Apr 2014 (W15),Philadelphia Union (8),0-0,?,Houston Dynamo (6),,
Regular,?,East,East,(Sat) 19 Apr 2014 (W15),Chicago Fire (7),1-1,?,New England Revolution (7),,
Regular,?,West,West,(Sat) 19 Apr 2014 (W15),Colorado Rapids (6),0-0,?,San Jose Earthquakes (5),,
Regular,?,West,West,(Sat) 19 Apr 2014 (W15),Vancouver Whitecaps FC (7),2-2,?,LA Galaxy (5),,
Regular,?,East,East,(Sat) 19 Apr 2014 (W15),Columbus Crew SC (6),1-1,?,D.C. United (6),,
Regular,?,West,East,(Sat) 19 Apr 2014 (W15),FC Dallas (7),2-1,?,Toronto FC (6),,
Regular,?,East,East,(Sat) 19 Apr 2014 (W15),Sporting Kansas City (6),4-0,?,Montreal Impact (7),,
Regular,?,West,West,(Sat) 19 Apr 2014 (W15),Real Salt Lake (7),1-0,?,Portland Timbers (7),,
Regular,?,West,West,(Sun) 20 Apr 2014 (W15),CD Chivas USA (7),1-2,?,Seattle Sounders FC (7),,
Regular,?,East,East,(Wed) 23 Apr 2014 (W16),New York Red Bulls (8),4-0,?,Houston Dynamo (7),,
Regular,?,East,East,(Sat) 26 Apr 2014 (W16),Montreal Impact (8),1-0,?,Philadelphia Union (9),,
Regular,?,West,West,(Sat) 26 Apr 2014 (W16),Seattle Sounders FC (8),4-1,?,Colorado Rapids (7),,
Regular,?,East,West,(Sat) 26 Apr 2014 (W16),D.C. United (7),4-1,?,FC Dallas (8),,
Regular,?,East,East,(Sat) 26 Apr 2014 (W16),New England Revolution (8),2-0,?,Sporting Kansas City (7),,
Regular,?,East,East,(Sat) 26 Apr 2014 (W16),Columbus Crew SC (7),1-1,?,New York Red Bulls (9),,
Regular,?,West,West,(Sat) 26 Apr 2014 (W16),Real Salt Lake (8),2-2,?,Vancouver Whitecaps FC (8),,
Regular,?,West,West,(Sun) 27 Apr 2014 (W16),San Jose Earthquakes (6),1-0,?,CD Chivas USA (8),,
Regular,?,East,West,(Sun) 27 Apr 2014 (W16),Houston Dynamo (8),1-1,?,Portland Timbers (8),,
Regular,?,East,East,(Sat) 3 May 2014 (W17),Toronto FC (7),1-2,?,New England Revolution (9),,
Regular,?,West,West,(Sat) 3 May 2014 (W17),Vancouver Whitecaps FC (9),3-2,?,San Jose Earthquakes (7),,
Regular,?,East,West,(Sat) 3 May 2014 (W17),Chicago Fire (8),2-3,?,Real Salt Lake (9),,
Regular,?,West,West,(Sat) 3 May 2014 (W17),Colorado Rapids (8),1-0,?,LA Galaxy (6),,
Regular,?,West,East,(Sun) 4 May 2014 (W17),Seattle Sounders FC (9),2-1,?,Philadelphia Union (10),,
Regular,?,West,East,(Sun) 4 May 2014 (W17),CD Chivas USA (9),1-4,?,Houston Dynamo (9),,
Regular,?,West,East,(Sun) 4 May 2014 (W17),Portland Timbers (9),3-2,?,D.C. United (8),,
Regular,?,West,East,(Sun) 4 May 2014 (W17),FC Dallas (9),0-1,?,New York Red Bulls (10),,
Regular,?,East,East,(Sun) 4 May 2014 (W17),Sporting Kansas City (8),2-0,?,Columbus Crew SC (8),,
Regular,?,East,East,(Wed) 7 May 2014 (W18),Houston Dynamo (10),1-0,?,Columbus Crew SC (9),,
Regular,?,West,West,(Thu) 8 May 2014 (W18),Seattle Sounders FC (10),2-1,?,FC Dallas (10),,
Regular,?,West,West,(Thu) 8 May 2014 (W18),San Jose Earthquakes (8),0-0,?,Colorado Rapids (9),,
Regular,?,East,East,(Sat) 10 May 2014 (W18),Philadelphia Union (11),0-1,?,D.C. United (9),,
Regular,?,East,East,(Sat) 10 May 2014 (W18),Montreal Impact (9),0-3,?,Sporting Kansas City (9),,
Regular,?,East,East,(Sat) 10 May 2014 (W18),New York Red Bulls (11),4-5,?,Chicago Fire (9),,
Regular,?,East,West,(Sat) 10 May 2014 (W18),Columbus Crew SC (10),0-1,?,Vancouver Whitecaps FC (10),,
Regular,?,West,West,(Sun) 11 May 2014 (W18),San Jose Earthquakes (9),2-1,?,FC Dallas (11),,
Regular,?,West,West,(Sun) 11 May 2014 (W18),Portland Timbers (10),1-1,?,LA Galaxy (7),,
Regular,?,West,West,(Sun) 11 May 2014 (W18),Colorado Rapids (10),1-3,?,CD Chivas USA (10),,
Regular,?,East,West,(Sun) 11 May 2014 (W18),New England Revolution (10),5-0,?,Seattle Sounders FC (11),,
Regular,?,East,West,(Sun) 11 May 2014 (W18),Houston Dynamo (11),2-5,?,Real Salt Lake (10),,
Regular,?,East,East,(Wed) 14 May 2014 (W19),Sporting Kansas City (10),1-2,?,Philadelphia Union (12),,
Regular,?,East,East,(Sat) 17 May 2014 (W19),Toronto FC (8),2-0,?,New York Red Bulls (12),,
Regular,?,East,East,(Sat) 17 May 2014 (W19),Philadelphia Union (13),3-5,?,New England Revolution (11),,
Regular,?,East,East,(Sat) 17 May 2014 (W19),D.C. United (10),1-1,?,Montreal Impact (10),,
Regular,?,East,West,(Sat) 17 May 2014 (W19),Houston Dynamo (12),1-0,?,LA Galaxy (8),,
Regular,?,West,West,(Sat) 17 May 2014 (W19),FC Dallas (12),1-1,?,CD Chivas USA (11),,
Regular,?,West,West,(Sat) 17 May 2014 (W19),Real Salt Lake (11),2-1,?,Colorado Rapids (11),,
Regular,?,West,West,(Sun) 18 May 2014 (W19),Seattle Sounders FC (12),1-0,?,San Jose Earthquakes (10),,
Regular,?,West,East,(Sun) 18 May 2014 (W19),Portland Timbers (11),3-3,?,Columbus Crew SC (11),,
Regular,?,East,East,(Sun) 18 May 2014 (W19),Chicago Fire (10),2-1,?,Sporting Kansas City (11),,
Regular,?,East,East,(Wed) 21 May 2014 (W20),D.C. United (11),2-0,?,Houston Dynamo (13),,
Regular,?,West,West,(Thu) 22 May 2014 (W20),LA Galaxy (9),2-1,?,FC Dallas (13),,
Regular,?,East,East,(Fri) 23 May 2014 (W20),Sporting Kansas City (12),2-2,?,Toronto FC (9),,
Regular,?,West,West,(Sat) 24 May 2014 (W20),Vancouver Whitecaps FC (11),2-2,?,Seattle Sounders FC (13),,
Regular,?,East,West,(Sat) 24 May 2014 (W20),New York Red Bulls (13),1-2,?,Portland Timbers (12),,
Regular,?,East,East,(Sat) 24 May 2014 (W20),Columbus Crew SC (12),2-0,?,Chicago Fire (11),,
Regular,?,East,East,(Sat) 24 May 2014 (W20),New England Revolution (12),2-1,?,D.C. United (12),,
Regular,?,West,East,(Sat) 24 May 2014 (W20),Colorado Rapids (12),4-1,?,Montreal Impact (11),,
Regular,?,West,West,(Sat) 24 May 2014 (W20),Real Salt Lake (12),0-0,?,FC Dallas (14),,
Regular,?,West,East,(Sun) 25 May 2014 (W20),LA Galaxy (10),4-1,?,Philadelphia Union (14),,
Regular,?,West,East,(Mon) 26 May 2014 (W21),San Jose Earthquakes (11),3-0,?,Houston Dynamo (14),,
Regular,?,East,East,(Tue) 27 May 2014 (W21),Sporting Kansas City (13),1-1,?,New York Red Bulls (14),,
Regular,?,West,West,(Thu) 29 May 2014 (W21),CD Chivas USA (12),0-2,?,Portland Timbers (13),,
Regular,?,West,West,(Sat) 31 May 2014 (W21),Seattle Sounders FC (14),4-0,?,Real Salt Lake (13),,
Regular,?,East,East,(Sat) 31 May 2014 (W21),Toronto FC (10),3-2,?,Columbus Crew SC (13),,
Regular,?,East,East,(Sat) 31 May 2014 (W21),Montreal Impact (12),2-0,?,New England Revolution (13),,
Regular,?,East,East,(Sat) 31 May 2014 (W21),D.C. United (13),1-0,?,Sporting Kansas City (14),,
Regular,?,West,West,(Sat) 31 May 2014 (W21),FC Dallas (15),1-2,?,San Jose Earthquakes (12),,
Regular,?,West,East,(Sun) 1 Jun 2014 (W21),CD Chivas USA (13),0-3,?,Philadelphia Union (15),,
Regular,?,East,West,(Sun) 1 Jun 2014 (W21),Chicago Fire (12),1-1,?,LA Galaxy (11),,
Regular,?,West,East,(Sun) 1 Jun 2014 (W21),Colorado Rapids (13),3-0,?,Houston Dynamo (15),,
Regular,?,West,West,(Sun) 1 Jun 2014 (W21),Portland Timbers (14),3-4,?,Vancouver Whitecaps FC (12),,
Regular,?,East,West,(Wed) 4 Jun 2014 (W22),Columbus Crew SC (14),1-1,?,Real Salt Lake (14),,
Regular,?,West,East,(Wed) 4 Jun 2014 (W22),Colorado Rapids (14),0-0,?,Chicago Fire (13),,
Regular,?,East,East,(Fri) 6 Jun 2014 (W22),Houston Dynamo (16),0-2,?,Sporting Kansas City (15),,
Regular,?,East,West,(Sat) 7 Jun 2014 (W22),Toronto FC (11),1-0,?,San Jose Earthquakes (13),,
Regular,?,East,East,(Sat) 7 Jun 2014 (W22),D.C. United (14),0-0,?,Columbus Crew SC (15),,
Regular,?,East,West,(Sat) 7 Jun 2014 (W22),Philadelphia Union (16),3-3,?,Vancouver Whitecaps FC (13),,
Regular,?,East,West,(Sat) 7 Jun 2014 (W22),Chicago Fire (14),2-3,?,Seattle Sounders FC (15),,
Regular,?,West,West,(Sat) 7 Jun 2014 (W22),FC Dallas (16),3-2,?,Colorado Rapids (15),,
Regular,?,West,West,(Sun) 8 Jun 2014 (W22),Real Salt Lake (15),1-3,?,Portland Timbers (15),,
Regular,?,East,East,(Sun) 8 Jun 2014 (W22),New England Revolution (14),0-2,?,New York Red Bulls (15),,
Regular,?,West,West,(Sun) 8 Jun 2014 (W22),LA Galaxy (12),1-1,?,CD Chivas USA (14),,
Regular,?,East,East,(Wed) 11 Jun 2014 (W23),Montreal Impact (13),2-4,?,D.C. United (15),,
Regular,?,West,West,(Thu) 12 Jun 2014 (W23),Portland Timbers (16),2-2,?,FC Dallas (17),,
Regular,?,West,East,(Thu) 26 Jun 2014 (W25),Vancouver Whitecaps FC (14),0-0,?,Montreal Impact (14),,
Regular,?,East,East,(Fri) 27 Jun 2014 (W25),New York Red Bulls (16),2-2,?,Toronto FC (12),,
Regular,?,West,East,(Sat) 28 Jun 2014 (W25),Portland Timbers (17),0-1,?,Sporting Kansas City (16),,
Regular,?,East,West,(Sat) 28 Jun 2014 (W25),D.C. United (16),0-1,?,Seattle Sounders FC (16),,
Regular,?,East,East,(Sat) 28 Jun 2014 (W25),New England Revolution (15),1-3,?,Philadelphia Union (17),,
Regular,?,West,West,(Sat) 28 Jun 2014 (W25),Colorado Rapids (16),2-0,?,Vancouver Whitecaps FC (15),,
Regular,?,West,West,(Sun) 29 Jun 2014 (W25),CD Chivas USA (15),1-0,?,Real Salt Lake (16),,
Regular,?,West,West,(Sun) 29 Jun 2014 (W25),San Jose Earthquakes (14),0-1,?,LA Galaxy (13),,
Regular,?,East,West,(Sun) 29 Jun 2014 (W25),Columbus Crew SC (16),0-0,?,FC Dallas (18),,
Regular,?,East,East,(Sun) 29 Jun 2014 (W25),Montreal Impact (15),3-0,?,Houston Dynamo (17),,
Regular,?,East,East,(Wed) 2 Jul 2014 (W26),Chicago Fire (15),1-1,?,Toronto FC (13),,
Regular,?,West,West,(Thu) 3 Jul 2014 (W26),San Jose Earthquakes (15),0-1,?,CD Chivas USA (16),,
Regular,?,East,East,(Fri) 4 Jul 2014 (W26),Houston Dynamo (18),2-2,?,New York Red Bulls (17),,
Regular,?,West,East,(Fri) 4 Jul 2014 (W26),FC Dallas (19),2-1,?,Philadelphia Union (18),,
Regular,?,West,East,(Fri) 4 Jul 2014 (W26),Colorado Rapids (17),1-1,?,Columbus Crew SC (17),,
Regular,?,West,East,(Sat) 5 Jul 2014 (W26),Real Salt Lake (17),2-1,?,New England Revolution (16),,
Regular,?,West,West,(Sat) 5 Jul 2014 (W26),LA Galaxy (14),2-2,?,Portland Timbers (18),,
Regular,?,East,East,(Sat) 5 Jul 2014 (W26),Toronto FC (14),1-2,?,D.C. United (17),,
Regular,?,West,West,(Sun) 6 Jul 2014 (W26),Vancouver Whitecaps FC (16),1-0,?,Seattle Sounders FC (17),,
Regular,?,West,East,(Sun) 6 Jul 2014 (W26),CD Chivas USA (17),1-0,?,Montreal Impact (16),,
Regular,?,East,East,(Sun) 6 Jul 2014 (W26),Sporting Kansas City (17),1-1,?,Chicago Fire (16),,
Regular,?,West,East,(Sat) 12 Jul 2014 (W27),San Jose Earthquakes (16),1-2,?,D.C. United (18),,
Regular,?,East,East,(Sat) 12 Jul 2014 (W27),Toronto FC (15),4-2,?,Houston Dynamo (19),,
Regular,?,East,East,(Sat) 12 Jul 2014 (W27),New York Red Bulls (18),4-1,?,Columbus Crew SC (18),,
Regular,?,East,West,(Sat) 12 Jul 2014 (W27),Philadelphia Union (19),3-3,?,Colorado Rapids (18),,
Regular,?,East,East,(Sat) 12 Jul 2014 (W27),Montreal Impact (17),1-2,?,Sporting Kansas City (18),,
Regular,?,East,East,(Sat) 12 Jul 2014 (W27),New England Revolution (17),0-1,?,Chicago Fire (17),,
Regular,?,West,West,(Sun) 13 Jul 2014 (W27),Vancouver Whitecaps FC (17),1-3,?,CD Chivas USA (18),,
Regular,?,West,West,(Sun) 13 Jul 2014 (W27),LA Galaxy (15),1-0,?,Real Salt Lake (18),,
Regular,?,West,West,(Mon) 14 Jul 2014 (W28),Seattle Sounders FC (18),2-0,?,Portland Timbers (19),,
Regular,?,East,East,(Wed) 16 Jul 2014 (W28),Philadelphia Union (20),3-1,?,New York Red Bulls (19),,
Regular,?,East,East,(Wed) 16 Jul 2014 (W28),Columbus Crew SC (19),1-2,?,Sporting Kansas City (19),,
Regular,?,East,West,(Wed) 16 Jul 2014 (W28),Toronto FC (16),1-1,?,Vancouver Whitecaps FC (18),,
Regular,?,West,East,(Thu) 17 Jul 2014 (W28),LA Galaxy (16),5-1,?,New England Revolution (18),,
Regular,?,West,West,(Sat) 19 Jul 2014 (W28),Portland Timbers (20),2-1,?,Colorado Rapids (19),,
Regular,?,East,West,(Sat) 19 Jul 2014 (W28),Sporting Kansas City (20),2-1,?,LA Galaxy (17),,
Regular,?,East,West,(Sat) 19 Jul 2014 (W28),New York Red Bulls (20),1-1,?,San Jose Earthquakes (17),,
Regular,?,East,East,(Sat) 19 Jul 2014 (W28),Columbus Crew SC (20),2-1,?,Montreal Impact (18),,
Regular,?,East,East,(Sat) 19 Jul 2014 (W28),Chicago Fire (18),1-1,?,Philadelphia Union (21),,
Regular,?,East,East,(Sat) 19 Jul 2014 (W28),Houston Dynamo (20),2-2,?,Toronto FC (17),,
Regular,?,West,East,(Sat) 19 Jul 2014 (W28),FC Dallas (20),2-0,?,New England Revolution (19),,
Regular,?,West,West,(Sun) 20 Jul 2014 (W28),Real Salt Lake (19),1-1,?,Vancouver Whitecaps FC (19),,
Regular,?,East,West,(Sun) 20 Jul 2014 (W28),D.C. United (19),3-1,?,CD Chivas USA (19),,
Regular,?,West,East,(Thu) 24 Jul 2014 (W29),San Jose Earthquakes (18),5-1,?,Chicago Fire (19),,
Regular,?,West,East,(Fri) 25 Jul 2014 (W29),Real Salt Lake (20),3-1,?,Montreal Impact (19),,
Regular,?,West,West,(Fri) 25 Jul 2014 (W29),Colorado Rapids (20),3-0,?,CD Chivas USA (20),,
Regular,?,East,East,(Sat) 26 Jul 2014 (W29),Toronto FC (18),1-2,?,Sporting Kansas City (21),,
Regular,?,East,East,(Sat) 26 Jul 2014 (W29),New England Revolution (20),1-2,?,Columbus Crew SC (21),,
Regular,?,West,West,(Sun) 27 Jul 2014 (W29),Vancouver Whitecaps FC (20),2-2,?,FC Dallas (21),,
Regular,?,East,West,(Sun) 27 Jul 2014 (W29),Montreal Impact (20),2-3,?,Portland Timbers (21),,
Regular,?,West,West,(Tue) 29 Jul 2014 (W30),Seattle Sounders FC (19),0-3,?,LA Galaxy (18),,
Regular,?,East,East,(Wed) 30 Jul 2014 (W30),D.C. United (20),3-0,?,Toronto FC (19),,
Regular,?,East,West,(Wed) 30 Jul 2014 (W30),New England Revolution (21),3-0,?,Colorado Rapids (21),,
Regular,?,East,West,(Wed) 30 Jul 2014 (W30),Chicago Fire (20),0-0,?,Vancouver Whitecaps FC (21),,
Regular,?,West,East,(Wed) 30 Jul 2014 (W30),Real Salt Lake (21),1-1,?,New York Red Bulls (21),,
Regular,?,East,East,(Fri) 1 Aug 2014 (W30),Sporting Kansas City (22),1-1,?,Philadelphia Union (22),,
Regular,?,West,West,(Sat) 2 Aug 2014 (W30),LA Galaxy (19),3-1,?,Portland Timbers (22),,
Regular,?,East,East,(Sat) 2 Aug 2014 (W30),Montreal Impact (21),0-2,?,Toronto FC (20),,
Regular,?,East,East,(Sat) 2 Aug 2014 (W30),New York Red Bulls (22),2-1,?,New England Revolution (22),,
Regular,?,East,East,(Sat) 2 Aug 2014 (W30),Chicago Fire (21),1-1,?,Columbus Crew SC (22),,
Regular,?,West,West,(Sat) 2 Aug 2014 (W30),Colorado Rapids (22),0-1,?,Real Salt Lake (22),,
Regular,?,West,West,(Sun) 3 Aug 2014 (W30),San Jose Earthquakes (19),1-0,?,Seattle Sounders FC (20),,
Regular,?,East,East,(Sun) 3 Aug 2014 (W30),Houston Dynamo (21),1-0,?,D.C. United (21),,
Regular,?,West,West,(Mon) 4 Aug 2014 (W31),CD Chivas USA (21),0-1,?,FC Dallas (22),,
Regular,?,West,West,(Sat) 9 Aug 2014 (W31),LA Galaxy (20),2-2,?,San Jose Earthquakes (20),,
Regular,?,East,East,(Sat) 9 Aug 2014 (W31),Philadelphia Union (23),2-1,?,Montreal Impact (22),,
Regular,?,East,East,(Sat) 9 Aug 2014 (W31),Columbus Crew SC (23),2-3,?,Toronto FC (21),,
Regular,?,West,West,(Sat) 9 Aug 2014 (W31),FC Dallas (23),3-1,?,Colorado Rapids (23),,
Regular,?,West,East,(Sun) 10 Aug 2014 (W31),Real Salt Lake (23),3-0,?,D.C. United (22),,
Regular,?,West,West,(Sun) 10 Aug 2014 (W31),Portland Timbers (23),2-0,?,CD Chivas USA (22),,
Regular,?,East,East,(Sun) 10 Aug 2014 (W31),Chicago Fire (22),1-0,?,New York Red Bulls (23),,
Regular,?,West,East,(Sun) 10 Aug 2014 (W31),Vancouver Whitecaps FC (22),2-0,?,Sporting Kansas City (23),,
Regular,?,West,East,(Mon) 11 Aug 2014 (W32),Seattle Sounders FC (21),2-0,?,Houston Dynamo (22),,
Regular,?,East,East,(Fri) 15 Aug 2014 (W32),Houston Dynamo (23),2-0,?,Philadelphia Union (24),,
Regular,?,West,West,(Sat) 16 Aug 2014 (W32),Real Salt Lake (24),2-1,?,Seattle Sounders FC (22),,
Regular,?,East,East,(Sat) 16 Aug 2014 (W32),Montreal Impact (23),1-0,?,Chicago Fire (23),,
Regular,?,East,West,(Sat) 16 Aug 2014 (W32),Columbus Crew SC (24),4-1,?,LA Galaxy (21),,
Regular,?,East,West,(Sat) 16 Aug 2014 (W32),New England Revolution (23),1-1,?,Portland Timbers (24),,
Regular,?,East,East,(Sat) 16 Aug 2014 (W32),Sporting Kansas City (24),4-1,?,Toronto FC (22),,
Regular,?,West,West,(Sun) 17 Aug 2014 (W32),CD Chivas USA (23),0-0,?,Vancouver Whitecaps FC (23),,
Regular,?,West,West,(Sun) 17 Aug 2014 (W32),San Jose Earthquakes (21),0-5,?,FC Dallas (24),,
Regular,?,East,West,(Sun) 17 Aug 2014 (W32),D.C. United (23),4-2,?,Colorado Rapids (24),,
Regular,?,West,West,(Wed) 20 Aug 2014 (W33),Colorado Rapids (25),3-4,?,LA Galaxy (22),,
Regular,?,West,West,(Thu) 21 Aug 2014 (W33),Seattle Sounders FC (23),1-1,?,San Jose Earthquakes (22),,
Regular,?,West,West,(Fri) 22 Aug 2014 (W33),FC Dallas (25),2-1,?,Real Salt Lake (25),,
Regular,?,East,East,(Sat) 23 Aug 2014 (W33),Toronto FC (23),2-2,?,Chicago Fire (24),,
Regular,?,East,East,(Sat) 23 Aug 2014 (W33),New York Red Bulls (24),4-2,?,Montreal Impact (24),,
Regular,?,East,West,(Sat) 23 Aug 2014 (W33),New England Revolution (24),1-0,?,CD Chivas USA (24),,
Regular,?,East,East,(Sat) 23 Aug 2014 (W33),Columbus Crew SC (25),3-0,?,Houston Dynamo (24),,
Regular,?,East,East,(Sat) 23 Aug 2014 (W33),Sporting Kansas City (25),0-3,?,D.C. United (24),,
Regular,?,West,West,(Sun) 24 Aug 2014 (W33),LA Galaxy (23),2-0,?,Vancouver Whitecaps FC (24),,
Regular,?,West,West,(Sun) 24 Aug 2014 (W33),Portland Timbers (25),2-4,?,Seattle Sounders FC (24),,
Regular,?,East,West,(Sun) 24 Aug 2014 (W33),Philadelphia Union (25),4-2,?,San Jose Earthquakes (23),,
Regular,?,West,East,(Thu) 28 Aug 2014 (W34),LA Galaxy (24),4-1,?,D.C. United (25),,
Regular,?,East,East,(Fri) 29 Aug 2014 (W34),Sporting Kansas City (26),1-3,?,Houston Dynamo (25),,
Regular,?,West,West,(Sat) 30 Aug 2014 (W34),Seattle Sounders FC (25),1-0,?,Colorado Rapids (26),,
Regular,?,East,East,(Sat) 30 Aug 2014 (W34),Toronto FC (24),0-3,?,New England Revolution (25),,
Regular,?,East,East,(Sat) 30 Aug 2014 (W34),Montreal Impact (25),2-0,?,Columbus Crew SC (26),,
Regular,?,East,West,(Sat) 30 Aug 2014 (W34),Chicago Fire (25),1-0,?,FC Dallas (26),,
Regular,?,West,West,(Sun) 31 Aug 2014 (W34),Vancouver Whitecaps FC (25),0-3,?,Portland Timbers (26),,
Regular,?,West,West,(Sun) 31 Aug 2014 (W34),San Jose Earthquakes (24),1-1,?,Real Salt Lake (26),,
Regular,?,East,East,(Sun) 31 Aug 2014 (W34),D.C. United (26),2-0,?,New York Red Bulls (25),,
Regular,?,West,West,(Sun) 31 Aug 2014 (W34),CD Chivas USA (25),0-3,?,LA Galaxy (25),,
Regular,?,East,East,(Wed) 3 Sep 2014 (W35),Philadelphia Union (26),1-0,?,Toronto FC (25),,
Regular,?,East,East,(Wed) 3 Sep 2014 (W35),New England Revolution (26),3-1,?,Sporting Kansas City (27),,
Regular,?,West,West,(Thu) 4 Sep 2014 (W35),CD Chivas USA (26),2-4,?,Seattle Sounders FC (26),,
Regular,?,West,West,(Sat) 6 Sep 2014 (W35),LA Galaxy (26),6-0,?,Colorado Rapids (27),,
Regular,?,East,East,(Sat) 6 Sep 2014 (W35),Toronto FC (26),0-2,?,Philadelphia Union (27),,
Regular,?,East,East,(Sat) 6 Sep 2014 (W35),New York Red Bulls (26),2-1,?,Sporting Kansas City (28),,
Regular,?,East,East,(Sat) 6 Sep 2014 (W35),Houston Dynamo (26),3-2,?,Montreal Impact (26),,
Regular,?,West,West,(Sun) 7 Sep 2014 (W35),Real Salt Lake (27),2-1,?,FC Dallas (27),,
Regular,?,West,East,(Sun) 7 Sep 2014 (W35),Vancouver Whitecaps FC (26),0-0,?,D.C. United (27),,
Regular,?,East,West,(Sun) 7 Sep 2014 (W35),Columbus Crew SC (27),3-0,?,CD Chivas USA (27),,
Regular,?,West,West,(Sun) 7 Sep 2014 (W35),Portland Timbers (27),3-3,?,San Jose Earthquakes (25),,
Regular,?,East,East,(Sun) 7 Sep 2014 (W35),New England Revolution (27),2-1,?,Chicago Fire (26),,
Regular,?,East,West,(Wed) 10 Sep 2014 (W36),Montreal Impact (27),2-2,?,LA Galaxy (27),,
Regular,?,East,East,(Wed) 10 Sep 2014 (W36),New York Red Bulls (27),1-0,?,D.C. United (28),,
Regular,?,West,West,(Thu) 11 Sep 2014 (W36),Vancouver Whitecaps FC (27),2-0,?,San Jose Earthquakes (26),,
Regular,?,West,East,(Sat) 13 Sep 2014 (W36),CD Chivas USA (28),0-4,?,Sporting Kansas City (29),,
Regular,?,West,West,(Sat) 13 Sep 2014 (W36),Seattle Sounders FC (27),3-2,?,Real Salt Lake (28),,
Regular,?,East,East,(Sat) 13 Sep 2014 (W36),Philadelphia Union (28),2-2,?,New York Red Bulls (28),,
Regular,?,East,East,(Sat) 13 Sep 2014 (W36),New England Revolution (28),2-1,?,Montreal Impact (28),,
Regular,?,East,East,(Sat) 13 Sep 2014 (W36),Houston Dynamo (27),2-2,?,Columbus Crew SC (28),,
Regular,?,West,West,(Sat) 13 Sep 2014 (W36),FC Dallas (28),2-1,?,Vancouver Whitecaps FC (28),,
Regular,?,East,East,(Sat) 13 Sep 2014 (W36),Chicago Fire (27),1-1,?,Toronto FC (27),,
Regular,?,West,West,(Sat) 13 Sep 2014 (W36),Colorado Rapids (28),2-2,?,Portland Timbers (28),,
Regular,?,West,West,(Sun) 14 Sep 2014 (W36),San Jose Earthquakes (27),1-1,?,LA Galaxy (28),,
Regular,?,West,West,(Sat) 20 Sep 2014 (W37),Real Salt Lake (29),5-1,?,Colorado Rapids (29),,
Regular,?,West,West,(Sat) 20 Sep 2014 (W37),Portland Timbers (29),3-0,?,Vancouver Whitecaps FC (29),,
Regular,?,East,East,(Sat) 20 Sep 2014 (W37),Philadelphia Union (29),0-0,?,Houston Dynamo (28),,
Regular,?,East,East,(Sat) 20 Sep 2014 (W37),Columbus Crew SC (29),1-0,?,New England Revolution (29),,
Regular,?,East,West,(Sat) 20 Sep 2014 (W37),Montreal Impact (29),2-0,?,San Jose Earthquakes (28),,
Regular,?,East,West,(Sat) 20 Sep 2014 (W37),New York Red Bulls (29),4-1,?,Seattle Sounders FC (28),,
Regular,?,East,East,(Sat) 20 Sep 2014 (W37),Chicago Fire (28),3-3,?,D.C. United (29),,
Regular,?,West,West,(Sun) 21 Sep 2014 (W37),LA Galaxy (29),2-1,?,FC Dallas (29),,
Regular,?,East,West,(Sun) 21 Sep 2014 (W37),Toronto FC (28),3-0,?,CD Chivas USA (29),,
Regular,?,West,West,(Wed) 24 Sep 2014 (W38),FC Dallas (30),3-1,?,Seattle Sounders FC (29),,
Regular,?,East,East,(Fri) 26 Sep 2014 (W38),Sporting Kansas City (30),2-3,?,New England Revolution (30),,
Regular,?,West,West,(Sat) 27 Sep 2014 (W38),Vancouver Whitecaps FC (30),2-1,?,Real Salt Lake (30),,
Regular,?,East,West,(Sat) 27 Sep 2014 (W38),Toronto FC (29),3-2,?,Portland Timbers (30),,
Regular,?,West,West,(Sat) 27 Sep 2014 (W38),Seattle Sounders FC (30),4-2,?,CD Chivas USA (30),,
Regular,?,East,East,(Sat) 27 Sep 2014 (W38),D.C. United (30),1-0,?,Philadelphia Union (30),,
Regular,?,East,East,(Sat) 27 Sep 2014 (W38),Columbus Crew SC (30),2-0,?,Montreal Impact (30),,
Regular,?,West,West,(Sat) 27 Sep 2014 (W38),Colorado Rapids (30),1-1,?,San Jose Earthquakes (29),,
Regular,?,East,East,(Sun) 28 Sep 2014 (W38),Houston Dynamo (29),2-0,?,Chicago Fire (29),,
Regular,?,West,East,(Sun) 28 Sep 2014 (W38),LA Galaxy (30),4-0,?,New York Red Bulls (30),,
Regular,?,East,East,(Thu) 2 Oct 2014 (W39),Philadelphia Union (31),1-1,?,Chicago Fire (30),,
Regular,?,East,East,(Fri) 3 Oct 2014 (W39),D.C. United (31),0-0,?,Sporting Kansas City (31),,
Regular,?,West,West,(Sat) 4 Oct 2014 (W39),Vancouver Whitecaps FC (31),2-0,?,FC Dallas (31),,
Regular,?,East,East,(Sat) 4 Oct 2014 (W39),New England Revolution (31),2-1,?,Columbus Crew SC (31),,
Regular,?,East,East,(Sat) 4 Oct 2014 (W39),New York Red Bulls (31),1-0,?,Houston Dynamo (30),,
Regular,?,West,East,(Sun) 5 Oct 2014 (W39),LA Galaxy (31),3-0,?,Toronto FC (30),,
Regular,?,West,West,(Sun) 5 Oct 2014 (W39),San Jose Earthquakes (30),1-2,?,Portland Timbers (31),,
Regular,?,West,West,(Sun) 5 Oct 2014 (W39),Colorado Rapids (31),1-4,?,Seattle Sounders FC (31),,
Regular,?,East,East,(Sun) 5 Oct 2014 (W39),Chicago Fire (31),0-0,?,Montreal Impact (31),,
Regular,?,West,West,(Sun) 5 Oct 2014 (W39),CD Chivas USA (31),1-0,?,Real Salt Lake (31),,
Regular,?,East,East,(Wed) 8 Oct 2014 (W40),Toronto FC (31),0-1,?,Houston Dynamo (31),,
Regular,?,West,West,(Thu) 9 Oct 2014 (W40),Portland Timbers (32),3-0,?,San Jose Earthquakes (31),,
Regular,?,East,East,(Fri) 10 Oct 2014 (W40),Sporting Kansas City (32),2-0,?,Chicago Fire (32),,
Regular,?,West,West,(Sat) 11 Oct 2014 (W40),Seattle Sounders FC (32),0-1,?,Vancouver Whitecaps FC (32),,
Regular,?,East,East,(Sat) 11 Oct 2014 (W40),Philadelphia Union (32),2-3,?,Columbus Crew SC (32),,
Regular,?,East,East,(Sat) 11 Oct 2014 (W40),New York Red Bulls (32),3-1,?,Toronto FC (32),,
Regular,?,West,West,(Sat) 11 Oct 2014 (W40),Real Salt Lake (32),2-0,?,San Jose Earthquakes (32),,
Regular,?,West,West,(Sun) 12 Oct 2014 (W40),CD Chivas USA (32),2-0,?,Colorado Rapids (32),,
Regular,?,East,East,(Sun) 12 Oct 2014 (W40),Montreal Impact (32),2-2,?,New England Revolution (32),,
Regular,?,East,East,(Sun) 12 Oct 2014 (W40),Houston Dynamo (32),1-3,?,D.C. United (32),,
Regular,?,West,West,(Sun) 12 Oct 2014 (W40),FC Dallas (32),2-1,?,LA Galaxy (32),,
Regular,?,East,East,(Thu) 16 Oct 2014 (W41),Houston Dynamo (33),1-2,?,New England Revolution (33),,
Regular,?,West,West,(Sat) 18 Oct 2014 (W41),Portland Timbers (33),0-0,?,Real Salt Lake (33),,
Regular,?,East,East,(Sat) 18 Oct 2014 (W41),Toronto FC (33),1-1,?,Montreal Impact (33),,
Regular,?,West,West,(Sat) 18 Oct 2014 (W41),Colorado Rapids (33),0-1,?,FC Dallas (33),,
Regular,?,East,East,(Sat) 18 Oct 2014 (W41),D.C. United (33),2-1,?,Chicago Fire (33),,
Regular,?,East,East,(Sat) 18 Oct 2014 (W41),Philadelphia Union (33),2-1,?,Sporting Kansas City (33),,
Regular,?,East,East,(Sat) 18 Oct 2014 (W41),New York Red Bulls (33),1-3,?,Columbus Crew SC (33),,
Regular,?,West,West,(Sun) 19 Oct 2014 (W41),LA Galaxy (33),2-2,?,Seattle Sounders FC (33),,
Regular,?,West,West,(Wed) 22 Oct 2014 (W42),Real Salt Lake (34),2-0,?,CD Chivas USA (33),,
Regular,?,East,East,(Fri) 24 Oct 2014 (W42),Chicago Fire (34),2-1,?,Houston Dynamo (34),,
Regular,?,West,West,(Sat) 25 Oct 2014 (W42),Seattle Sounders FC (34),2-0,?,LA Galaxy (34),,
Regular,?,East,East,(Sat) 25 Oct 2014 (W42),Montreal Impact (34),1-1,?,D.C. United (34),,
Regular,?,West,West,(Sat) 25 Oct 2014 (W42),Vancouver Whitecaps FC (33),1-0,?,Colorado Rapids (34),,
Regular,?,East,East,(Sat) 25 Oct 2014 (W42),New England Revolution (34),1-0,?,Toronto FC (34),,
Regular,?,West,West,(Sat) 25 Oct 2014 (W42),FC Dallas (34),0-2,?,Portland Timbers (34),,
Regular,?,West,West,(Sun) 26 Oct 2014 (W42),CD Chivas USA (34),1-0,?,San Jose Earthquakes (33),,
Regular,?,East,East,(Sun) 26 Oct 2014 (W42),Columbus Crew SC (34),2-1,?,Philadelphia Union (34),,
Regular,?,East,East,(Sun) 26 Oct 2014 (W42),Sporting Kansas City (34),0-2,?,New York Red Bulls (34),,
Playoff,Conf. Knockout,West,West,(Wed) 29 Oct 2014 (W43),FC Dallas (35),2-1,?,Vancouver Whitecaps FC (34),,
Playoff,Conf. Knockout,East,East,(Thu) 30 Oct 2014 (W43),New York Red Bulls (35),2-1,?,Sporting Kansas City (35),,
Playoff,Conf. Semifinals | Leg 1,East,East,(Sat) 1 Nov 2014 (W43),Columbus Crew SC (35),2-4,?,New England Revolution (35),,
Playoff,Conf. Semifinals | Leg 1,West,West,(Sat) 1 Nov 2014 (W43),Real Salt Lake (35),0-0,?,LA Galaxy (35),,
Playoff,Conf. Semifinals | Leg 1,East,East,(Sun) 2 Nov 2014 (W43),New York Red Bulls (36),2-0,?,D.C. United (35),,
Playoff,Conf. Semifinals | Leg 1,West,West,(Sun) 2 Nov 2014 (W43),FC Dallas (36),1-1,?,Seattle Sounders FC (35),,
Playoff,Conf. Semifinals | Leg 2,East,East,(Sat) 8 Nov 2014 (W44),D.C. United (36),2-1,?,New York Red Bulls (37),,
Playoff,Conf. Semifinals | Leg 2,East,East,(Sun) 9 Nov 2014 (W44),New England Revolution (36),3-1,?,Columbus Crew SC (36),,
Playoff,Conf. Semifinals | Leg 2,West,West,(Sun) 9 Nov 2014 (W44),LA Galaxy (36),5-0,?,Real Salt Lake (36),,
Playoff,Conf. Semifinals | Leg 2,West,West,(Mon) 10 Nov 2014 (W45),Seattle Sounders FC (36),0-0,?,FC Dallas (37),,
Playoff,Conf. Finals | Leg 1,East,East,(Sun) 23 Nov 2014 (W46),New York Red Bulls (38),1-2,?,New England Revolution (37),,
Playoff,Conf. Finals | Leg 1,West,West,(Sun) 23 Nov 2014 (W46),LA Galaxy (37),1-0,?,Seattle Sounders FC (37),,
Playoff,Conf. Finals | Leg 2,East,East,(Sat) 29 Nov 2014 (W47),New England Revolution (38),2-2,?,New York Red Bulls (39),,
Playoff,Conf. Finals | Leg 2,West,West,(Sun) 30 Nov 2014 (W47),Seattle Sounders FC (38),2-1,?,LA Galaxy (38),,
Playoff,Final,West,East,(Sun) 7 Dec 2014 (W48),LA Galaxy (39),1-1 (*),?,New England Revolution (39),2-1 (a.e.t.),
