Stage,Round,Conf 1,Conf 2,Date,Team 1,FT,HT,Team 2,ET,P
Regular,?,West,East,(Sat) 10 Mar 2012 (W10),Colorado Rapids (1),2-0,?,Columbus Crew SC (1),,
Regular,?,West,East,(Sat) 10 Mar 2012 (W10),Vancouver Whitecaps FC (1),2-0,?,Montreal Impact (1),,
Regular,?,East,East,(Sat) 10 Mar 2012 (W10),D.C. United (1),0-1,?,Sporting Kansas City (1),,
Regular,?,West,East,(Sun) 11 Mar 2012 (W10),San Jose Earthquakes (1),1-0,?,New England Revolution (1),,
Regular,?,West,West,(Sun) 11 Mar 2012 (W10),LA Galaxy (1),1-3,?,Real Salt Lake (1),,
Regular,?,West,East,(Sun) 11 Mar 2012 (W10),FC Dallas (1),2-1,?,New York Red Bulls (1),,
Regular,?,West,East,(Sun) 11 Mar 2012 (W10),CD Chivas USA (1),0-1,?,Houston Dynamo (1),,
Regular,?,West,East,(Mon) 12 Mar 2012 (W11),Portland Timbers (1),3-1,?,Philadelphia Union (1),,
Regular,?,East,East,(Sat) 17 Mar 2012 (W11),Montreal Impact (2),1-1,?,Chicago Fire (1),,
Regular,?,West,East,(Sat) 17 Mar 2012 (W11),San Jose Earthquakes (2),0-1,?,Houston Dynamo (2),,
Regular,?,West,West,(Sat) 17 Mar 2012 (W11),FC Dallas (2),1-1,?,Portland Timbers (2),,
Regular,?,East,East,(Sat) 17 Mar 2012 (W11),Sporting Kansas City (2),3-0,?,New England Revolution (2),,
Regular,?,West,East,(Sun) 18 Mar 2012 (W11),Seattle Sounders FC (1),3-1,?,Toronto FC (1),,
Regular,?,West,East,(Sun) 18 Mar 2012 (W11),Real Salt Lake (2),2-0,?,New York Red Bulls (2),,
Regular,?,West,West,(Sun) 18 Mar 2012 (W11),CD Chivas USA (2),0-1,?,Vancouver Whitecaps FC (2),,
Regular,?,East,West,(Sun) 18 Mar 2012 (W11),Philadelphia Union (2),1-2,?,Colorado Rapids (2),,
Regular,?,West,East,(Sun) 18 Mar 2012 (W11),LA Galaxy (2),3-1,?,D.C. United (2),,
Regular,?,West,East,(Sat) 24 Mar 2012 (W12),Seattle Sounders FC (2),2-0,?,Houston Dynamo (3),,
Regular,?,East,West,(Sat) 24 Mar 2012 (W12),Toronto FC (2),0-3,?,San Jose Earthquakes (3),,
Regular,?,East,West,(Sat) 24 Mar 2012 (W12),New England Revolution (3),1-0,?,Portland Timbers (3),,
Regular,?,East,East,(Sat) 24 Mar 2012 (W12),Columbus Crew SC (2),2-0,?,Montreal Impact (3),,
Regular,?,East,East,(Sat) 24 Mar 2012 (W12),Chicago Fire (2),1-0,?,Philadelphia Union (3),,
Regular,?,West,West,(Sat) 24 Mar 2012 (W12),Real Salt Lake (3),0-1,?,CD Chivas USA (3),,
Regular,?,West,East,(Sun) 25 Mar 2012 (W12),Vancouver Whitecaps FC (3),0-0,?,D.C. United (3),,
Regular,?,East,West,(Sun) 25 Mar 2012 (W12),New York Red Bulls (3),4-1,?,Colorado Rapids (3),,
Regular,?,East,West,(Sun) 25 Mar 2012 (W12),Sporting Kansas City (3),2-1,?,FC Dallas (3),,
Regular,?,East,West,(Fri) 30 Mar 2012 (W13),D.C. United (4),4-1,?,FC Dallas (4),,
Regular,?,East,East,(Sat) 31 Mar 2012 (W13),Toronto FC (3),0-1,?,Columbus Crew SC (3),,
Regular,?,East,East,(Sat) 31 Mar 2012 (W13),New York Red Bulls (4),5-2,?,Montreal Impact (4),,
Regular,?,East,West,(Sat) 31 Mar 2012 (W13),Philadelphia Union (4),0-0,?,Vancouver Whitecaps FC (4),,
Regular,?,West,West,(Sun) 1 Apr 2012 (W13),Portland Timbers (4),2-3,?,Real Salt Lake (4),,
Regular,?,West,West,(Sun) 1 Apr 2012 (W13),Seattle Sounders FC (3),0-1,?,San Jose Earthquakes (4),,
Regular,?,West,East,(Sun) 1 Apr 2012 (W13),LA Galaxy (3),1-3,?,New England Revolution (4),,
Regular,?,West,East,(Sun) 1 Apr 2012 (W13),Colorado Rapids (4),2-0,?,Chicago Fire (3),,
Regular,?,West,East,(Sun) 1 Apr 2012 (W13),CD Chivas USA (4),0-1,?,Sporting Kansas City (4),,
Regular,?,West,East,(Wed) 4 Apr 2012 (W14),Real Salt Lake (5),1-0,?,Montreal Impact (5),,
Regular,?,West,East,(Thu) 5 Apr 2012 (W14),FC Dallas (5),1-0,?,New England Revolution (5),,
Regular,?,East,East,(Sat) 7 Apr 2012 (W14),Montreal Impact (6),2-1,?,Toronto FC (4),,
Regular,?,East,East,(Sat) 7 Apr 2012 (W14),Columbus Crew SC (4),1-4,?,New York Red Bulls (5),,
Regular,?,East,West,(Sat) 7 Apr 2012 (W14),Sporting Kansas City (5),1-0,?,LA Galaxy (4),,
Regular,?,West,West,(Sat) 7 Apr 2012 (W14),San Jose Earthquakes (5),3-1,?,Vancouver Whitecaps FC (5),,
Regular,?,East,West,(Sat) 7 Apr 2012 (W14),D.C. United (5),0-0,?,Seattle Sounders FC (4),,
Regular,?,West,West,(Sat) 7 Apr 2012 (W14),Real Salt Lake (6),2-0,?,Colorado Rapids (5),,
Regular,?,West,West,(Sun) 8 Apr 2012 (W14),Portland Timbers (5),1-2,?,CD Chivas USA (5),,
Regular,?,East,East,(Sat) 14 Apr 2012 (W15),Philadelphia Union (5),1-0,?,Columbus Crew SC (5),,
Regular,?,East,East,(Sat) 14 Apr 2012 (W15),New England Revolution (6),1-2,?,D.C. United (6),,
Regular,?,West,West,(Sat) 14 Apr 2012 (W15),Seattle Sounders FC (5),1-0,?,Colorado Rapids (6),,
Regular,?,East,West,(Sat) 14 Apr 2012 (W15),Toronto FC (5),0-1,?,CD Chivas USA (6),,
Regular,?,East,West,(Sat) 14 Apr 2012 (W15),New York Red Bulls (6),2-2,?,San Jose Earthquakes (6),,
Regular,?,West,East,(Sat) 14 Apr 2012 (W15),FC Dallas (6),2-1,?,Montreal Impact (7),,
Regular,?,East,West,(Sat) 14 Apr 2012 (W15),Sporting Kansas City (6),1-0,?,Real Salt Lake (7),,
Regular,?,West,West,(Sun) 15 Apr 2012 (W15),LA Galaxy (5),3-1,?,Portland Timbers (6),,
Regular,?,East,East,(Sun) 15 Apr 2012 (W15),Chicago Fire (4),1-1,?,Houston Dynamo (4),,
Regular,?,East,East,(Wed) 18 Apr 2012 (W16),D.C. United (7),1-1,?,Montreal Impact (8),,
Regular,?,West,East,(Thu) 19 Apr 2012 (W16),Vancouver Whitecaps FC (6),1-3,?,Sporting Kansas City (7),,
Regular,?,East,East,(Sat) 21 Apr 2012 (W16),Toronto FC (6),2-3,?,Chicago Fire (5),,
Regular,?,East,East,(Sat) 21 Apr 2012 (W16),Columbus Crew SC (6),2-2,?,Houston Dynamo (5),,
Regular,?,West,West,(Sat) 21 Apr 2012 (W16),Colorado Rapids (7),1-2,?,LA Galaxy (6),,
Regular,?,West,West,(Sun) 22 Apr 2012 (W16),Vancouver Whitecaps FC (7),1-0,?,FC Dallas (7),,
Regular,?,West,East,(Sun) 22 Apr 2012 (W16),Portland Timbers (7),1-0,?,Sporting Kansas City (8),,
Regular,?,West,East,(Sun) 22 Apr 2012 (W16),CD Chivas USA (7),0-1,?,Philadelphia Union (6),,
Regular,?,West,West,(Sun) 22 Apr 2012 (W16),San Jose Earthquakes (7),3-1,?,Real Salt Lake (8),,
Regular,?,East,East,(Sun) 22 Apr 2012 (W16),D.C. United (8),4-1,?,New York Red Bulls (7),,
Regular,?,West,West,(Wed) 25 Apr 2012 (W17),FC Dallas (8),1-1,?,Real Salt Lake (9),,
Regular,?,East,West,(Sat) 28 Apr 2012 (W17),Montreal Impact (9),2-0,?,Portland Timbers (8),,
Regular,?,East,East,(Sat) 28 Apr 2012 (W17),New York Red Bulls (8),1-0,?,New England Revolution (7),,
Regular,?,East,West,(Sat) 28 Apr 2012 (W17),Philadelphia Union (7),1-2,?,San Jose Earthquakes (8),,
Regular,?,East,East,(Sat) 28 Apr 2012 (W17),D.C. United (9),3-2,?,Houston Dynamo (6),,
Regular,?,East,West,(Sat) 28 Apr 2012 (W17),Columbus Crew SC (7),0-1,?,Vancouver Whitecaps FC (8),,
Regular,?,East,West,(Sat) 28 Apr 2012 (W17),Chicago Fire (6),1-2,?,Seattle Sounders FC (6),,
Regular,?,West,East,(Sat) 28 Apr 2012 (W17),Real Salt Lake (10),3-2,?,Toronto FC (7),,
Regular,?,West,West,(Sat) 28 Apr 2012 (W17),Colorado Rapids (8),4-0,?,CD Chivas USA (8),,
Regular,?,West,West,(Sun) 29 Apr 2012 (W17),LA Galaxy (7),1-1,?,FC Dallas (9),,
Regular,?,East,West,(Wed) 2 May 2012 (W18),New England Revolution (8),2-1,?,Colorado Rapids (9),,
Regular,?,West,West,(Thu) 3 May 2012 (W18),Seattle Sounders FC (7),2-0,?,LA Galaxy (8),,
Regular,?,West,East,(Thu) 3 May 2012 (W18),San Jose Earthquakes (9),5-3,?,D.C. United (10),,
Regular,?,West,East,(Sat) 5 May 2012 (W18),CD Chivas USA (9),1-2,?,Chicago Fire (7),,
Regular,?,East,East,(Sat) 5 May 2012 (W18),Toronto FC (8),0-2,?,D.C. United (11),,
Regular,?,West,East,(Sat) 5 May 2012 (W18),Seattle Sounders FC (8),1-0,?,Philadelphia Union (8),,
Regular,?,West,West,(Sat) 5 May 2012 (W18),Vancouver Whitecaps FC (9),2-1,?,San Jose Earthquakes (10),,
Regular,?,West,East,(Sat) 5 May 2012 (W18),LA Galaxy (9),0-1,?,New York Red Bulls (9),,
Regular,?,East,East,(Sat) 5 May 2012 (W18),Sporting Kansas City (9),0-2,?,Montreal Impact (10),,
Regular,?,West,East,(Sat) 5 May 2012 (W18),Real Salt Lake (11),2-1,?,New England Revolution (9),,
Regular,?,West,East,(Sun) 6 May 2012 (W18),Portland Timbers (9),0-0,?,Columbus Crew SC (8),,
Regular,?,West,West,(Sun) 6 May 2012 (W18),FC Dallas (10),0-2,?,Colorado Rapids (10),,
Regular,?,East,East,(Wed) 9 May 2012 (W19),New York Red Bulls (10),1-0,?,Houston Dynamo (7),,
Regular,?,East,West,(Wed) 9 May 2012 (W19),Chicago Fire (8),0-0,?,Real Salt Lake (12),,
Regular,?,West,West,(Wed) 9 May 2012 (W19),FC Dallas (11),0-2,?,Seattle Sounders FC (9),,
Regular,?,East,West,(Sat) 12 May 2012 (W19),Montreal Impact (11),1-1,?,LA Galaxy (10),,
Regular,?,East,East,(Sat) 12 May 2012 (W19),Houston Dynamo (8),1-0,?,D.C. United (12),,
Regular,?,East,West,(Sat) 12 May 2012 (W19),New England Revolution (10),4-1,?,Vancouver Whitecaps FC (10),,
Regular,?,East,West,(Sat) 12 May 2012 (W19),Columbus Crew SC (9),2-1,?,FC Dallas (12),,
Regular,?,East,East,(Sat) 12 May 2012 (W19),Chicago Fire (9),2-1,?,Sporting Kansas City (10),,
Regular,?,West,West,(Sun) 13 May 2012 (W19),Seattle Sounders FC (10),0-1,?,Real Salt Lake (13),,
Regular,?,East,East,(Sun) 13 May 2012 (W19),Philadelphia Union (9),2-3,?,New York Red Bulls (11),,
Regular,?,West,West,(Sun) 13 May 2012 (W19),San Jose Earthquakes (11),1-1,?,CD Chivas USA (10),,
Regular,?,East,West,(Tue) 15 May 2012 (W20),Houston Dynamo (9),0-0,?,Portland Timbers (10),,
Regular,?,East,West,(Wed) 16 May 2012 (W20),D.C. United (13),2-0,?,Colorado Rapids (11),,
Regular,?,West,West,(Sat) 19 May 2012 (W20),Vancouver Whitecaps FC (11),2-2,?,Seattle Sounders FC (11),,
Regular,?,East,East,(Sat) 19 May 2012 (W20),Montreal Impact (12),1-2,?,New York Red Bulls (12),,
Regular,?,East,East,(Sat) 19 May 2012 (W20),D.C. United (14),3-1,?,Toronto FC (9),,
Regular,?,East,East,(Sat) 19 May 2012 (W20),New England Revolution (11),2-2,?,Houston Dynamo (10),,
Regular,?,West,East,(Sat) 19 May 2012 (W20),FC Dallas (13),1-1,?,Philadelphia Union (10),,
Regular,?,West,East,(Sat) 19 May 2012 (W20),Colorado Rapids (12),2-2,?,Sporting Kansas City (11),,
Regular,?,West,West,(Sun) 20 May 2012 (W20),CD Chivas USA (11),1-0,?,LA Galaxy (11),,
Regular,?,West,East,(Sun) 20 May 2012 (W20),San Jose Earthquakes (12),1-1,?,Columbus Crew SC (10),,
Regular,?,West,East,(Sun) 20 May 2012 (W20),Portland Timbers (11),2-1,?,Chicago Fire (10),,
Regular,?,East,West,(Wed) 23 May 2012 (W21),New York Red Bulls (13),1-1,?,CD Chivas USA (12),,
Regular,?,East,West,(Wed) 23 May 2012 (W21),Chicago Fire (11),2-1,?,FC Dallas (14),,
Regular,?,West,East,(Thu) 24 May 2012 (W21),Seattle Sounders FC (12),0-2,?,Columbus Crew SC (11),,
Regular,?,West,West,(Thu) 24 May 2012 (W21),LA Galaxy (12),2-3,?,San Jose Earthquakes (13),,
Regular,?,East,West,(Sat) 26 May 2012 (W21),Houston Dynamo (11),2-1,?,LA Galaxy (13),,
Regular,?,East,East,(Sat) 26 May 2012 (W21),Toronto FC (10),1-0,?,Philadelphia Union (11),,
Regular,?,East,East,(Sat) 26 May 2012 (W21),Columbus Crew SC (12),2-1,?,Chicago Fire (12),,
Regular,?,East,East,(Sat) 26 May 2012 (W21),D.C. United (15),3-2,?,New England Revolution (12),,
Regular,?,West,West,(Sat) 26 May 2012 (W21),Real Salt Lake (14),3-2,?,FC Dallas (15),,
Regular,?,West,East,(Sat) 26 May 2012 (W21),Colorado Rapids (13),3-2,?,Montreal Impact (13),,
Regular,?,West,West,(Sun) 27 May 2012 (W21),Portland Timbers (12),1-1,?,Vancouver Whitecaps FC (12),,
Regular,?,West,West,(Sun) 27 May 2012 (W21),CD Chivas USA (13),1-1,?,Seattle Sounders FC (13),,
Regular,?,East,West,(Sun) 27 May 2012 (W21),Sporting Kansas City (12),2-1,?,San Jose Earthquakes (14),,
Regular,?,East,East,(Sat) 2 Jun 2012 (W22),New England Revolution (13),2-0,?,Chicago Fire (13),,
Regular,?,West,East,(Sun) 10 Jun 2012 (W23),Vancouver Whitecaps FC (13),3-1,?,Houston Dynamo (12),,
Regular,?,West,West,(Sat) 16 Jun 2012 (W24),Vancouver Whitecaps FC (14),1-0,?,Colorado Rapids (14),,
Regular,?,East,East,(Sat) 16 Jun 2012 (W24),Philadelphia Union (12),0-1,?,D.C. United (16),,
Regular,?,East,West,(Sat) 16 Jun 2012 (W24),Houston Dynamo (13),2-1,?,FC Dallas (16),,
Regular,?,East,West,(Sat) 16 Jun 2012 (W24),Montreal Impact (14),4-1,?,Seattle Sounders FC (14),,
Regular,?,East,East,(Sat) 16 Jun 2012 (W24),New England Revolution (14),0-0,?,Columbus Crew SC (13),,
Regular,?,East,East,(Sat) 16 Jun 2012 (W24),Sporting Kansas City (13),2-0,?,Toronto FC (11),,
Regular,?,West,West,(Sun) 17 Jun 2012 (W24),CD Chivas USA (14),0-3,?,Real Salt Lake (15),,
Regular,?,East,East,(Sun) 17 Jun 2012 (W24),Chicago Fire (14),3-1,?,New York Red Bulls (14),,
Regular,?,West,West,(Sun) 17 Jun 2012 (W24),LA Galaxy (14),1-0,?,Portland Timbers (13),,
Regular,?,East,East,(Wed) 20 Jun 2012 (W25),Houston Dynamo (14),3-3,?,Toronto FC (12),,
Regular,?,West,West,(Wed) 20 Jun 2012 (W25),Real Salt Lake (16),2-3,?,LA Galaxy (15),,
Regular,?,West,West,(Wed) 20 Jun 2012 (W25),Colorado Rapids (15),1-2,?,San Jose Earthquakes (15),,
Regular,?,West,East,(Thu) 21 Jun 2012 (W25),Seattle Sounders FC (15),1-1,?,Sporting Kansas City (14),,
Regular,?,West,East,(Thu) 21 Jun 2012 (W25),CD Chivas USA (15),2-1,?,Montreal Impact (15),,
Regular,?,West,East,(Thu) 21 Jun 2012 (W25),Vancouver Whitecaps FC (15),1-1,?,New York Red Bulls (15),,
Regular,?,East,East,(Sat) 23 Jun 2012 (W25),Toronto FC (13),2-2,?,New England Revolution (15),,
Regular,?,East,East,(Sat) 23 Jun 2012 (W25),Philadelphia Union (13),4-0,?,Sporting Kansas City (15),,
Regular,?,East,East,(Sat) 23 Jun 2012 (W25),Montreal Impact (16),4-2,?,Houston Dynamo (15),,
Regular,?,East,East,(Sat) 23 Jun 2012 (W25),Chicago Fire (15),2-1,?,Columbus Crew SC (14),,
Regular,?,West,West,(Sat) 23 Jun 2012 (W25),Real Salt Lake (17),1-2,?,San Jose Earthquakes (16),,
Regular,?,West,West,(Sat) 23 Jun 2012 (W25),FC Dallas (17),0-0,?,CD Chivas USA (16),,
Regular,?,West,West,(Sun) 24 Jun 2012 (W25),LA Galaxy (16),3-0,?,Vancouver Whitecaps FC (16),,
Regular,?,West,West,(Sun) 24 Jun 2012 (W25),Portland Timbers (14),2-1,?,Seattle Sounders FC (16),,
Regular,?,East,East,(Sun) 24 Jun 2012 (W25),New York Red Bulls (16),3-2,?,D.C. United (17),,
Regular,?,East,East,(Wed) 27 Jun 2012 (W26),Montreal Impact (17),0-3,?,Toronto FC (14),,
Regular,?,East,East,(Fri) 29 Jun 2012 (W26),Sporting Kansas City (16),0-1,?,Chicago Fire (16),,
Regular,?,East,East,(Sat) 30 Jun 2012 (W26),Toronto FC (15),1-1,?,New York Red Bulls (17),,
Regular,?,East,East,(Sat) 30 Jun 2012 (W26),D.C. United (18),3-0,?,Montreal Impact (18),,
Regular,?,East,West,(Sat) 30 Jun 2012 (W26),New England Revolution (16),2-2,?,Seattle Sounders FC (17),,
Regular,?,East,East,(Sat) 30 Jun 2012 (W26),Houston Dynamo (16),2-1,?,Philadelphia Union (14),,
Regular,?,East,West,(Sat) 30 Jun 2012 (W26),Columbus Crew SC (15),2-0,?,Real Salt Lake (18),,
Regular,?,West,West,(Sat) 30 Jun 2012 (W26),Colorado Rapids (16),3-0,?,Portland Timbers (15),,
Regular,?,West,West,(Sun) 1 Jul 2012 (W26),San Jose Earthquakes (17),4-3,?,LA Galaxy (17),,
Regular,?,East,East,(Tue) 3 Jul 2012 (W27),Houston Dynamo (17),0-0,?,Chicago Fire (17),,
Regular,?,West,West,(Wed) 4 Jul 2012 (W27),Portland Timbers (16),2-1,?,San Jose Earthquakes (18),,
Regular,?,East,East,(Wed) 4 Jul 2012 (W27),Montreal Impact (19),1-3,?,Sporting Kansas City (17),,
Regular,?,West,East,(Wed) 4 Jul 2012 (W27),FC Dallas (18),1-1,?,Toronto FC (16),,
Regular,?,West,West,(Wed) 4 Jul 2012 (W27),Colorado Rapids (17),0-1,?,Vancouver Whitecaps FC (17),,
Regular,?,West,West,(Thu) 5 Jul 2012 (W27),Real Salt Lake (19),0-0,?,Seattle Sounders FC (18),,
Regular,?,West,East,(Thu) 5 Jul 2012 (W27),LA Galaxy (18),1-2,?,Philadelphia Union (15),,
Regular,?,East,East,(Sat) 7 Jul 2012 (W27),Sporting Kansas City (18),0-0,?,Houston Dynamo (18),,
Regular,?,West,West,(Sat) 7 Jul 2012 (W27),Real Salt Lake (20),3-0,?,Portland Timbers (17),,
Regular,?,West,West,(Sat) 7 Jul 2012 (W27),FC Dallas (19),0-0,?,San Jose Earthquakes (19),,
Regular,?,West,West,(Sun) 8 Jul 2012 (W27),CD Chivas USA (17),0-0,?,Vancouver Whitecaps FC (18),,
Regular,?,West,West,(Sun) 8 Jul 2012 (W27),Seattle Sounders FC (19),2-1,?,Colorado Rapids (18),,
Regular,?,East,West,(Sun) 8 Jul 2012 (W27),Chicago Fire (18),0-2,?,LA Galaxy (19),,
Regular,?,East,East,(Sun) 8 Jul 2012 (W27),Philadelphia Union (16),3-0,?,Toronto FC (17),,
Regular,?,East,East,(Sun) 8 Jul 2012 (W27),New England Revolution (17),2-0,?,New York Red Bulls (18),,
Regular,?,East,East,(Sun) 8 Jul 2012 (W27),Montreal Impact (20),2-1,?,Columbus Crew SC (16),,
Regular,?,East,West,(Wed) 11 Jul 2012 (W28),Toronto FC (18),3-2,?,Vancouver Whitecaps FC (19),,
Regular,?,East,East,(Sat) 14 Jul 2012 (W28),Philadelphia Union (17),2-1,?,Montreal Impact (21),,
Regular,?,East,East,(Sat) 14 Jul 2012 (W28),New England Revolution (18),0-1,?,Toronto FC (19),,
Regular,?,East,East,(Sat) 14 Jul 2012 (W28),Columbus Crew SC (17),0-2,?,Sporting Kansas City (19),,
Regular,?,East,West,(Sat) 14 Jul 2012 (W28),Chicago Fire (19),1-0,?,Vancouver Whitecaps FC (20),,
Regular,?,West,West,(Sat) 14 Jul 2012 (W28),Colorado Rapids (19),1-2,?,FC Dallas (20),,
Regular,?,West,West,(Sun) 15 Jul 2012 (W28),San Jose Earthquakes (20),5-0,?,Real Salt Lake (21),,
Regular,?,West,West,(Sun) 15 Jul 2012 (W28),Portland Timbers (18),3-5,?,LA Galaxy (20),,
Regular,?,East,West,(Sun) 15 Jul 2012 (W28),New York Red Bulls (19),2-2,?,Seattle Sounders FC (20),,
Regular,?,East,East,(Sun) 15 Jul 2012 (W28),Houston Dynamo (19),4-0,?,D.C. United (19),,
Regular,?,East,East,(Wed) 18 Jul 2012 (W29),New York Red Bulls (20),1-0,?,Chicago Fire (20),,
Regular,?,West,West,(Wed) 18 Jul 2012 (W29),CD Chivas USA (18),1-0,?,Portland Timbers (19),,
Regular,?,East,West,(Wed) 18 Jul 2012 (W29),Toronto FC (20),2-1,?,Colorado Rapids (20),,
Regular,?,East,East,(Wed) 18 Jul 2012 (W29),Montreal Impact (22),2-1,?,New England Revolution (19),,
Regular,?,East,East,(Wed) 18 Jul 2012 (W29),Houston Dynamo (20),2-1,?,Sporting Kansas City (20),,
Regular,?,West,West,(Thu) 19 Jul 2012 (W29),Vancouver Whitecaps FC (21),2-2,?,LA Galaxy (21),,
Regular,?,West,West,(Thu) 19 Jul 2012 (W29),San Jose Earthquakes (21),2-1,?,FC Dallas (21),,
Regular,?,East,East,(Sat) 21 Jul 2012 (W29),New York Red Bulls (21),2-0,?,Philadelphia Union (18),,
Regular,?,East,East,(Sat) 21 Jul 2012 (W29),Columbus Crew SC (18),1-0,?,D.C. United (20),,
Regular,?,East,East,(Sat) 21 Jul 2012 (W29),Houston Dynamo (21),3-0,?,Montreal Impact (23),,
Regular,?,East,East,(Sat) 21 Jul 2012 (W29),Sporting Kansas City (21),0-0,?,New England Revolution (20),,
Regular,?,West,West,(Sat) 21 Jul 2012 (W29),FC Dallas (22),5-0,?,Portland Timbers (20),,
Regular,?,West,West,(Sun) 22 Jul 2012 (W29),Real Salt Lake (22),2-0,?,Colorado Rapids (21),,
Regular,?,West,West,(Sun) 22 Jul 2012 (W29),LA Galaxy (22),3-1,?,CD Chivas USA (19),,
Regular,?,West,West,(Sun) 22 Jul 2012 (W29),Vancouver Whitecaps FC (22),2-1,?,San Jose Earthquakes (22),,
Regular,?,West,West,(Fri) 27 Jul 2012 (W30),Real Salt Lake (23),2-1,?,Vancouver Whitecaps FC (23),,
Regular,?,East,East,(Sat) 28 Jul 2012 (W30),Toronto FC (21),0-2,?,Houston Dynamo (22),,
Regular,?,East,East,(Sat) 28 Jul 2012 (W30),Montreal Impact (24),3-1,?,New York Red Bulls (22),,
Regular,?,West,West,(Sat) 28 Jul 2012 (W30),FC Dallas (23),0-1,?,LA Galaxy (23),,
Regular,?,East,East,(Sat) 28 Jul 2012 (W30),Sporting Kansas City (22),1-2,?,Columbus Crew SC (19),,
Regular,?,West,West,(Sat) 28 Jul 2012 (W30),Colorado Rapids (22),1-2,?,Seattle Sounders FC (21),,
Regular,?,West,East,(Sun) 29 Jul 2012 (W30),San Jose Earthquakes (23),1-1,?,Chicago Fire (21),,
Regular,?,West,West,(Sun) 29 Jul 2012 (W30),Portland Timbers (21),0-1,?,CD Chivas USA (20),,
Regular,?,East,East,(Sun) 29 Jul 2012 (W30),Philadelphia Union (19),2-1,?,New England Revolution (21),,
Regular,?,East,East,(Fri) 3 Aug 2012 (W31),Houston Dynamo (23),2-0,?,New York Red Bulls (23),,
Regular,?,East,East,(Sat) 4 Aug 2012 (W31),D.C. United (21),1-0,?,Columbus Crew SC (20),,
Regular,?,East,East,(Sat) 4 Aug 2012 (W31),New England Revolution (22),0-1,?,Sporting Kansas City (23),,
Regular,?,East,East,(Sat) 4 Aug 2012 (W31),Montreal Impact (25),2-0,?,Philadelphia Union (20),,
Regular,?,East,East,(Sat) 4 Aug 2012 (W31),Chicago Fire (22),2-1,?,Toronto FC (22),,
Regular,?,West,West,(Sat) 4 Aug 2012 (W31),Colorado Rapids (23),1-0,?,Real Salt Lake (24),,
Regular,?,West,West,(Sun) 5 Aug 2012 (W31),Portland Timbers (22),1-1,?,FC Dallas (24),,
Regular,?,West,West,(Sun) 5 Aug 2012 (W31),Seattle Sounders FC (22),4-0,?,LA Galaxy (24),,
Regular,?,East,East,(Fri) 10 Aug 2012 (W32),New York Red Bulls (24),2-0,?,Houston Dynamo (24),,
Regular,?,West,West,(Sat) 11 Aug 2012 (W32),Vancouver Whitecaps FC (24),2-1,?,Real Salt Lake (25),,
Regular,?,East,East,(Sat) 11 Aug 2012 (W32),Sporting Kansas City (24),2-1,?,D.C. United (22),,
Regular,?,West,West,(Sat) 11 Aug 2012 (W32),FC Dallas (25),3-2,?,Colorado Rapids (24),,
Regular,?,West,West,(Sun) 12 Aug 2012 (W32),San Jose Earthquakes (24),2-1,?,Seattle Sounders FC (23),,
Regular,?,East,East,(Sun) 12 Aug 2012 (W32),New England Revolution (23),0-1,?,Montreal Impact (26),,
Regular,?,East,East,(Sun) 12 Aug 2012 (W32),Philadelphia Union (21),1-3,?,Chicago Fire (23),,
Regular,?,West,West,(Mon) 13 Aug 2012 (W33),CD Chivas USA (21),0-4,?,LA Galaxy (25),,
Regular,?,East,West,(Wed) 15 Aug 2012 (W33),Columbus Crew SC (21),1-1,?,LA Galaxy (26),,
Regular,?,East,West,(Wed) 15 Aug 2012 (W33),Toronto FC (23),2-2,?,Portland Timbers (23),,
Regular,?,West,West,(Thu) 16 Aug 2012 (W33),Vancouver Whitecaps FC (25),0-2,?,FC Dallas (26),,
Regular,?,West,West,(Sat) 18 Aug 2012 (W33),Seattle Sounders FC (24),2-0,?,Vancouver Whitecaps FC (26),,
Regular,?,East,East,(Sat) 18 Aug 2012 (W33),Toronto FC (24),0-1,?,Sporting Kansas City (25),,
Regular,?,East,West,(Sat) 18 Aug 2012 (W33),Montreal Impact (27),3-1,?,San Jose Earthquakes (25),,
Regular,?,East,East,(Sat) 18 Aug 2012 (W33),Chicago Fire (24),2-1,?,New England Revolution (24),,
Regular,?,West,West,(Sat) 18 Aug 2012 (W33),Real Salt Lake (26),1-2,?,FC Dallas (27),,
Regular,?,West,West,(Sat) 18 Aug 2012 (W33),Colorado Rapids (25),1-1,?,CD Chivas USA (22),,
Regular,?,East,East,(Sun) 19 Aug 2012 (W33),D.C. United (23),1-1,?,Philadelphia Union (22),,
Regular,?,East,West,(Sun) 19 Aug 2012 (W33),New York Red Bulls (25),3-2,?,Portland Timbers (24),,
Regular,?,East,East,(Sun) 19 Aug 2012 (W33),Houston Dynamo (25),2-2,?,Columbus Crew SC (22),,
Regular,?,East,East,(Wed) 22 Aug 2012 (W34),Columbus Crew SC (23),2-1,?,Toronto FC (25),,
Regular,?,East,East,(Wed) 22 Aug 2012 (W34),D.C. United (24),4-2,?,Chicago Fire (25),,
Regular,?,East,West,(Fri) 24 Aug 2012 (W34),Philadelphia Union (23),0-0,?,Real Salt Lake (27),,
Regular,?,East,East,(Sat) 25 Aug 2012 (W34),Montreal Impact (28),3-0,?,D.C. United (25),,
Regular,?,East,East,(Sat) 25 Aug 2012 (W34),Columbus Crew SC (24),4-3,?,New England Revolution (25),,
Regular,?,East,East,(Sat) 25 Aug 2012 (W34),Houston Dynamo (26),1-1,?,Toronto FC (26),,
Regular,?,West,West,(Sun) 26 Aug 2012 (W34),Portland Timbers (25),2-1,?,Vancouver Whitecaps FC (27),,
Regular,?,West,West,(Sun) 26 Aug 2012 (W34),CD Chivas USA (23),2-6,?,Seattle Sounders FC (25),,
Regular,?,West,West,(Sun) 26 Aug 2012 (W34),San Jose Earthquakes (26),4-1,?,Colorado Rapids (26),,
Regular,?,West,West,(Sun) 26 Aug 2012 (W34),LA Galaxy (27),2-0,?,FC Dallas (28),,
Regular,?,East,East,(Sun) 26 Aug 2012 (W34),Sporting Kansas City (26),1-1,?,New York Red Bulls (26),,
Regular,?,East,East,(Wed) 29 Aug 2012 (W35),D.C. United (26),2-2,?,New York Red Bulls (27),,
Regular,?,East,West,(Wed) 29 Aug 2012 (W35),New England Revolution (26),3-3,?,CD Chivas USA (24),,
Regular,?,East,East,(Wed) 29 Aug 2012 (W35),Philadelphia Union (24),1-2,?,Columbus Crew SC (25),,
Regular,?,West,West,(Sat) 1 Sep 2012 (W35),Portland Timbers (26),1-0,?,Colorado Rapids (27),,
Regular,?,East,East,(Sat) 1 Sep 2012 (W35),New England Revolution (27),0-0,?,Philadelphia Union (25),,
Regular,?,East,East,(Sat) 1 Sep 2012 (W35),Columbus Crew SC (26),2-1,?,Montreal Impact (29),,
Regular,?,East,East,(Sat) 1 Sep 2012 (W35),Sporting Kansas City (27),2-1,?,Toronto FC (27),,
Regular,?,West,West,(Sun) 2 Sep 2012 (W35),LA Galaxy (28),2-0,?,Vancouver Whitecaps FC (28),,
Regular,?,West,East,(Sun) 2 Sep 2012 (W35),Real Salt Lake (28),1-0,?,D.C. United (27),,
Regular,?,East,East,(Sun) 2 Sep 2012 (W35),Chicago Fire (26),3-1,?,Houston Dynamo (27),,
Regular,?,West,West,(Sun) 2 Sep 2012 (W35),FC Dallas (29),1-1,?,Seattle Sounders FC (26),,
Regular,?,West,West,(Sun) 2 Sep 2012 (W35),San Jose Earthquakes (27),4-0,?,CD Chivas USA (25),,
Regular,?,East,East,(Wed) 5 Sep 2012 (W36),New England Revolution (28),2-0,?,Columbus Crew SC (27),,
Regular,?,West,West,(Wed) 5 Sep 2012 (W36),Colorado Rapids (28),3-0,?,Portland Timbers (27),,
Regular,?,East,West,(Thu) 6 Sep 2012 (W36),Houston Dynamo (28),1-0,?,Real Salt Lake (29),,
Regular,?,West,West,(Sat) 8 Sep 2012 (W36),Seattle Sounders FC (27),2-1,?,CD Chivas USA (26),,
Regular,?,East,East,(Wed) 12 Sep 2012 (W37),Toronto FC (28),1-2,?,Chicago Fire (27),,
Regular,?,East,East,(Fri) 14 Sep 2012 (W37),Sporting Kansas City (28),1-1,?,Houston Dynamo (29),,
Regular,?,West,West,(Sat) 15 Sep 2012 (W37),LA Galaxy (29),2-0,?,Colorado Rapids (29),,
Regular,?,East,East,(Sat) 15 Sep 2012 (W37),Toronto FC (29),1-1,?,Philadelphia Union (26),,
Regular,?,West,West,(Sat) 15 Sep 2012 (W37),Portland Timbers (28),1-1,?,Seattle Sounders FC (28),,
Regular,?,East,East,(Sat) 15 Sep 2012 (W37),New York Red Bulls (28),3-1,?,Columbus Crew SC (28),,
Regular,?,East,East,(Sat) 15 Sep 2012 (W37),D.C. United (28),2-1,?,New England Revolution (29),,
Regular,?,East,East,(Sat) 15 Sep 2012 (W37),Chicago Fire (28),3-1,?,Montreal Impact (30),,
Regular,?,West,West,(Sat) 15 Sep 2012 (W37),FC Dallas (30),1-0,?,Vancouver Whitecaps FC (29),,
Regular,?,West,West,(Sun) 16 Sep 2012 (W37),CD Chivas USA (27),0-2,?,San Jose Earthquakes (28),,
Regular,?,East,East,(Wed) 19 Sep 2012 (W38),New York Red Bulls (29),0-2,?,Sporting Kansas City (29),,
Regular,?,East,West,(Wed) 19 Sep 2012 (W38),Columbus Crew SC (29),1-0,?,CD Chivas USA (28),,
Regular,?,West,West,(Thu) 20 Sep 2012 (W38),San Jose Earthquakes (29),2-2,?,Portland Timbers (29),,
Regular,?,East,East,(Thu) 20 Sep 2012 (W38),Philadelphia Union (27),0-1,?,D.C. United (29),,
Regular,?,East,East,(Sat) 22 Sep 2012 (W38),Montreal Impact (31),0-0,?,Sporting Kansas City (30),,
Regular,?,East,East,(Sat) 22 Sep 2012 (W38),New England Revolution (30),1-1,?,New York Red Bulls (30),,
Regular,?,West,West,(Sat) 22 Sep 2012 (W38),Real Salt Lake (30),2-1,?,Portland Timbers (30),,
Regular,?,East,East,(Sat) 22 Sep 2012 (W38),Chicago Fire (29),2-1,?,Columbus Crew SC (30),,
Regular,?,West,East,(Sun) 23 Sep 2012 (W38),LA Galaxy (30),4-2,?,Toronto FC (30),,
Regular,?,West,West,(Sun) 23 Sep 2012 (W38),Seattle Sounders FC (29),1-2,?,San Jose Earthquakes (30),,
Regular,?,East,East,(Sun) 23 Sep 2012 (W38),Philadelphia Union (28),3-1,?,Houston Dynamo (30),,
Regular,?,East,West,(Sun) 23 Sep 2012 (W38),D.C. United (30),1-0,?,CD Chivas USA (29),,
Regular,?,West,West,(Sun) 23 Sep 2012 (W38),Vancouver Whitecaps FC (30),2-2,?,Colorado Rapids (30),,
Regular,?,East,East,(Fri) 28 Sep 2012 (W39),Sporting Kansas City (31),2-0,?,Chicago Fire (30),,
Regular,?,East,East,(Sat) 29 Sep 2012 (W39),New York Red Bulls (31),4-1,?,Toronto FC (31),,
Regular,?,East,East,(Sat) 29 Sep 2012 (W39),Columbus Crew SC (31),3-2,?,Philadelphia Union (29),,
Regular,?,East,East,(Sat) 29 Sep 2012 (W39),Houston Dynamo (31),2-0,?,New England Revolution (31),,
Regular,?,West,West,(Sat) 29 Sep 2012 (W39),Vancouver Whitecaps FC (31),0-0,?,Seattle Sounders FC (30),,
Regular,?,West,East,(Sun) 30 Sep 2012 (W39),Portland Timbers (31),1-1,?,D.C. United (31),,
Regular,?,West,West,(Sun) 30 Sep 2012 (W39),CD Chivas USA (30),0-4,?,Real Salt Lake (31),,
Regular,?,West,West,(Sun) 30 Sep 2012 (W39),San Jose Earthquakes (31),3-3,?,FC Dallas (31),,
Regular,?,West,West,(Sun) 30 Sep 2012 (W39),Colorado Rapids (31),1-1,?,LA Galaxy (31),,
Regular,?,East,East,(Wed) 3 Oct 2012 (W40),Chicago Fire (31),1-3,?,Philadelphia Union (30),,
Regular,?,West,West,(Thu) 4 Oct 2012 (W40),Vancouver Whitecaps FC (32),4-0,?,CD Chivas USA (31),,
Regular,?,East,East,(Sat) 6 Oct 2012 (W40),Toronto FC (32),0-1,?,D.C. United (32),,
Regular,?,East,East,(Sat) 6 Oct 2012 (W40),New York Red Bulls (32),0-2,?,Chicago Fire (32),,
Regular,?,East,East,(Sat) 6 Oct 2012 (W40),Philadelphia Union (31),1-0,?,New England Revolution (32),,
Regular,?,East,East,(Sat) 6 Oct 2012 (W40),Houston Dynamo (32),1-1,?,Montreal Impact (32),,
Regular,?,West,West,(Sat) 6 Oct 2012 (W40),Colorado Rapids (32),1-4,?,San Jose Earthquakes (32),,
Regular,?,West,West,(Sat) 6 Oct 2012 (W40),LA Galaxy (32),1-2,?,Real Salt Lake (32),,
Regular,?,East,East,(Sun) 7 Oct 2012 (W40),Columbus Crew SC (32),1-1,?,Sporting Kansas City (32),,
Regular,?,West,West,(Sun) 7 Oct 2012 (W40),CD Chivas USA (32),1-1,?,FC Dallas (32),,
Regular,?,West,West,(Sun) 7 Oct 2012 (W40),Seattle Sounders FC (31),3-0,?,Portland Timbers (32),,
Regular,?,West,West,(Thu) 18 Oct 2012 (W42),Seattle Sounders FC (32),0-0,?,Real Salt Lake (33),,
Regular,?,East,East,(Sat) 20 Oct 2012 (W42),Toronto FC (33),0-0,?,Montreal Impact (33),,
Regular,?,East,East,(Sat) 20 Oct 2012 (W42),New York Red Bulls (33),0-0,?,Sporting Kansas City (33),,
Regular,?,East,East,(Sat) 20 Oct 2012 (W42),D.C. United (33),3-2,?,Columbus Crew SC (33),,
Regular,?,East,East,(Sat) 20 Oct 2012 (W42),New England Revolution (33),1-0,?,Chicago Fire (33),,
Regular,?,East,East,(Sat) 20 Oct 2012 (W42),Houston Dynamo (33),3-1,?,Philadelphia Union (32),,
Regular,?,West,West,(Sun) 21 Oct 2012 (W42),CD Chivas USA (33),0-2,?,Colorado Rapids (33),,
Regular,?,West,West,(Sun) 21 Oct 2012 (W42),Vancouver Whitecaps FC (33),0-1,?,Portland Timbers (33),,
Regular,?,West,West,(Sun) 21 Oct 2012 (W42),San Jose Earthquakes (33),2-2,?,LA Galaxy (33),,
Regular,?,West,West,(Sun) 21 Oct 2012 (W42),Seattle Sounders FC (33),3-1,?,FC Dallas (33),,
Regular,?,East,East,(Wed) 24 Oct 2012 (W43),Sporting Kansas City (34),2-1,?,Philadelphia Union (33),,
Regular,?,East,East,(Sat) 27 Oct 2012 (W43),Philadelphia Union (34),0-3,?,New York Red Bulls (34),,
Regular,?,East,East,(Sat) 27 Oct 2012 (W43),Montreal Impact (34),0-1,?,New England Revolution (34),,
Regular,?,East,East,(Sat) 27 Oct 2012 (W43),Chicago Fire (34),1-1,?,D.C. United (34),,
Regular,?,West,West,(Sat) 27 Oct 2012 (W43),Portland Timbers (34),1-1,?,San Jose Earthquakes (34),,
Regular,?,West,West,(Sat) 27 Oct 2012 (W43),Real Salt Lake (34),0-0,?,Vancouver Whitecaps FC (34),,
Regular,?,West,East,(Sat) 27 Oct 2012 (W43),Colorado Rapids (34),2-0,?,Houston Dynamo (34),,
Regular,?,East,East,(Sun) 28 Oct 2012 (W43),Columbus Crew SC (34),2-1,?,Toronto FC (34),,
Regular,?,West,West,(Sun) 28 Oct 2012 (W43),FC Dallas (34),2-2,?,CD Chivas USA (34),,
Regular,?,West,West,(Sun) 28 Oct 2012 (W43),LA Galaxy (34),1-0,?,Seattle Sounders FC (34),,
Playoff,Conf. Knockout,East,East,(Wed) 31 Oct 2012 (W44),Chicago Fire (35),1-2,?,Houston Dynamo (35),,
Playoff,Conf. Knockout,West,West,(Fri) 2 Nov 2012 (W44),LA Galaxy (35),2-1,?,Vancouver Whitecaps FC (35),,
Playoff,Conf. Semifinals | Leg 1,West,West,(Sat) 3 Nov 2012 (W44),Seattle Sounders FC (35),0-0,?,Real Salt Lake (35),,
Playoff,Conf. Semifinals | Leg 1,East,East,(Sat) 3 Nov 2012 (W44),D.C. United (35),1-1,?,New York Red Bulls (35),,
Playoff,Conf. Semifinals | Leg 1,East,East,(Sun) 4 Nov 2012 (W44),Houston Dynamo (36),2-0,?,Sporting Kansas City (35),,
Playoff,Conf. Semifinals | Leg 1,West,West,(Sun) 4 Nov 2012 (W44),LA Galaxy (36),0-1,?,San Jose Earthquakes (35),,
Playoff,Conf. Semifinals | Leg 2,East,East,(Wed) 7 Nov 2012 (W45),Sporting Kansas City (36),1-0,?,Houston Dynamo (37),,
Playoff,Conf. Semifinals | Leg 2,West,West,(Thu) 8 Nov 2012 (W45),San Jose Earthquakes (36),1-3,?,LA Galaxy (37),,
Playoff,Conf. Semifinals | Leg 2,East,East,(Thu) 8 Nov 2012 (W45),New York Red Bulls (36),0-1,?,D.C. United (36),,
Playoff,Conf. Semifinals | Leg 2,West,West,(Fri) 9 Nov 2012 (W45),Real Salt Lake (36),0-1,?,Seattle Sounders FC (36),,
Playoff,Conf. Finals | Leg 1,East,East,(Sun) 11 Nov 2012 (W45),Houston Dynamo (38),3-1,?,D.C. United (37),,
Playoff,Conf. Finals | Leg 1,West,West,(Sun) 11 Nov 2012 (W45),LA Galaxy (38),3-0,?,Seattle Sounders FC (37),,
Playoff,Conf. Finals | Leg 2,East,East,(Sun) 18 Nov 2012 (W46),D.C. United (38),1-1,?,Houston Dynamo (39),,
Playoff,Conf. Finals | Leg 2,West,West,(Sun) 18 Nov 2012 (W46),Seattle Sounders FC (38),2-1,?,LA Galaxy (39),,
Playoff,Final,West,East,(Sat) 1 Dec 2012 (W48),LA Galaxy (40),3-1,?,Houston Dynamo (40),,
